nama_rptra,wilayah,kecamatan,kelurahan,lat,lon,confidence,nominatim_display_name
Bagus,KOTA ADM. JAKARTA SELATAN,Pasar Minggu,Kebagusan,-6.3034516,106.8289638,medium - name matched in result,"RPTRA Bagus, Kebagusan, Pasar Minggu, Jakarta Selatan, Daerah Khusus Ibukota Jakarta, Jawa, Indonesia"
Baung,KOTA ADM. JAKARTA SELATAN,Pasar Minggu,Kebagusan,-6.3047675,106.8361282,medium - name matched in result,"RPTRA Baung, Kebagusan, Pasar Minggu, Jakarta Selatan, Daerah Khusus Ibukota Jakarta, Jawa, Indonesia"
Perdamaian,KOTA ADM. JAKARTA SELATAN,Pasar Minggu,Kebagusan,-6.3103102,106.8312171,"LOW - kelurahan centroid only, not the actual park","Kebagusan, Pasar Minggu, Jakarta Selatan, Daerah Khusus Ibukota Jakarta, Jawa, 12520, Indonesia"
Waru Timbul,KOTA ADM. JAKARTA SELATAN,Pasar Minggu,Kebagusan,-6.3103102,106.8312171,"LOW - kelurahan centroid only, not the actual park","Kebagusan, Pasar Minggu, Jakarta Selatan, Daerah Khusus Ibukota Jakarta, Jawa, 12520, Indonesia"
Kecapi 137,KOTA ADM. JAKARTA SELATAN,Pasar Minggu,Kebagusan,-6.3103102,106.8312171,"LOW - kelurahan centroid only, not the actual park","Kebagusan, Pasar Minggu, Jakarta Selatan, Daerah Khusus Ibukota Jakarta, Jawa, 12520, Indonesia"
Dwi Chandra Loka,KOTA ADM. JAKARTA SELATAN,Kebayoran Lama,Kebayoran Lama Utara,-6.2448215,106.7782383,"LOW - kelurahan centroid only, not the actual park","Kebayoran Lama Utara, Kebayoran Lama, Jakarta Selatan, Daerah Khusus Ibukota Jakarta, Jawa, Indonesia"
Delas,KOTA ADM. JAKARTA SELATAN,Kebayoran Lama,Kebayoran Lama Utara,-6.2448215,106.7782383,"LOW - kelurahan centroid only, not the actual park","Kebayoran Lama Utara, Kebayoran Lama, Jakarta Selatan, Daerah Khusus Ibukota Jakarta, Jawa, Indonesia"
Pinang Indah,KOTA ADM. JAKARTA SELATAN,Kebayoran Lama,Pondok Pinang,-6.2661929,106.7713220,medium - name matched in result,"RPTRA Pinang Indah, Pondok Pinang, Kebayoran Lama, Jakarta Selatan, Daerah Khusus Ibukota Jakarta, Jawa, Indonesia"
Mangga Ulir,KOTA ADM. JAKARTA SELATAN,Kebayoran Lama,Cipulir,-6.2385664,106.7734378,"LOW - kelurahan centroid only, not the actual park","Cipulir, Kebayoran Lama, Jakarta Selatan, Daerah Khusus Ibukota Jakarta, Jawa, 12230, Indonesia"
Kemandoran,KOTA ADM. JAKARTA SELATAN,Kebayoran Lama,Grogol Utara,-6.2135864,106.7871536,medium - name matched in result,"RPTRA Kemandoran, Grogol Utara, Kebayoran Lama, Jakarta Selatan, Daerah Khusus Ibukota Jakarta, Jawa, Indonesia"
Kampung Perigi,KOTA ADM. JAKARTA SELATAN,Kebayoran Lama,Kebayoran Lama Selatan,-6.2583286,106.7728740,medium - name matched in result,"RPTRA Kampung Perigi, Kebayoran Lama Selatan, Kebayoran Lama, Jakarta Selatan, Daerah Khusus Ibukota Jakarta, Jawa, Indonesia"
Intan,KOTA ADM. JAKARTA SELATAN,Cilandak,Cilandak Barat,-6.2949176,106.8042324,medium - name matched in result,"RPTRA Intan, Cilandak Barat, Cilandak, Jakarta Selatan, Daerah Khusus Ibukota Jakarta, Jawa, Indonesia"
Mawar,KOTA ADM. JAKARTA SELATAN,Cilandak,Lebak Bulus,-6.2971492,106.7702422,medium - name matched in result,"RPTRA Mawar, Lebak Bulus, Cilandak, Jakarta Selatan, Daerah Khusus Ibukota Jakarta, Jawa, Indonesia"
Anggrek,KOTA ADM. JAKARTA SELATAN,Cilandak,Lebak Bulus,-6.3082578,106.7864204,medium - name matched in result,"RPTRA Anggrek, Lebak Bulus, Cilandak, Jakarta Selatan, Daerah Khusus Ibukota Jakarta, Jawa, Indonesia"
Pinang Pola,KOTA ADM. JAKARTA SELATAN,Cilandak,Pondok Labu,-6.3100322,106.7987763,medium - name matched in result,"RPTRA Pinang Pola, Pondok Labu, Cilandak, Jakarta Selatan, Daerah Khusus Ibukota Jakarta, Jawa, Indonesia"
Pola Idaman,KOTA ADM. JAKARTA SELATAN,Cilandak,Pondok Labu,-6.3087426,106.7887443,medium - name matched in result,"RPTRA Pola Idaman, Pondok Labu, Cilandak, Jakarta Selatan, Daerah Khusus Ibukota Jakarta, Jawa, Indonesia"
Bango Krukut Pola,KOTA ADM. JAKARTA SELATAN,Cilandak,Pondok Labu,-6.3087725,106.7978563,"LOW - kelurahan centroid only, not the actual park","Pondok Labu, Cilandak, Jakarta Selatan, Daerah Khusus Ibukota Jakarta, Jawa, 12450, Indonesia"
Bahari,KOTA ADM. JAKARTA SELATAN,Cilandak,Gandaria Selatan,-6.2793616,106.7943353,medium - name matched in result,"RPTRA Bahari, Gandaria Selatan, Cilandak, Jakarta Selatan, Daerah Khusus Ibukota Jakarta, Jawa, Indonesia"
Taman Gajah,KOTA ADM. JAKARTA SELATAN,Cilandak,Cipete Selatan,-6.2771048,106.7995714,medium - name matched in result,"RPTRA Taman Gajah, Cipete Selatan, Cilandak, Jakarta Selatan, Daerah Khusus Ibukota Jakarta, Jawa, Indonesia"
Tunas Muda,KOTA ADM. JAKARTA SELATAN,Kebayoran Baru,Kramat Pela,-6.2436465,106.7898385,medium - name matched in result,"RPTRA Tunas Muda, Jalan Gandaria Tengah I, Blok D, Kramat Pela, Kebayoran Baru, Jakarta Selatan, Daerah Khusus Ibukota Jakarta, Jawa, 12120, Indonesia"
Dwijaya,KOTA ADM. JAKARTA SELATAN,Kebayoran Baru,Gandaria Utara,-6.2577702,106.7910352,"LOW - kelurahan centroid only, not the actual park","Gandaria Utara, Kebayoran Baru, Jakarta Selatan, Daerah Khusus Ibukota Jakarta, Jawa, 12140, Indonesia"
Taman Sawo,KOTA ADM. JAKARTA SELATAN,Kebayoran Baru,Cipete Utara,-6.2622661,106.8001214,medium - name matched in result,"RPTRA Taman Sawo, Cipete Utara, Kebayoran Baru, Jakarta Selatan, Daerah Khusus Ibukota Jakarta, Jawa, Indonesia"
Tiga Durian,KOTA ADM. JAKARTA SELATAN,Pancoran,Duren Tiga,-6.2559452,106.8341575,"LOW - kelurahan centroid only, not the actual park","Duren Tiga, Pancoran, Jakarta Selatan, Daerah Khusus Ibukota Jakarta, Jawa, 12760, Indonesia"
Beringin,KOTA ADM. JAKARTA SELATAN,Jagakarsa,Jagakarsa,-6.3247665,106.8194219,"LOW - kelurahan centroid only, not the actual park","Jagakarsa, Jakarta Selatan, Daerah Khusus Ibukota Jakarta, Jawa, 12620, Indonesia"
Taman Matoa,KOTA ADM. JAKARTA SELATAN,Jagakarsa,Jagakarsa,-6.3301219,106.8226717,medium - name matched in result,"RPTRA Taman Matoa Jagakarsa, Jagakarsa, Jakarta Selatan, Daerah Khusus Ibukota Jakarta, Jawa, Indonesia"
Muawwanah,KOTA ADM. JAKARTA SELATAN,Jagakarsa,Srengseng Sawah,-6.3449388,106.8262052,"LOW - kelurahan centroid only, not the actual park","Srengseng Sawah, Jagakarsa, Jakarta Selatan, Daerah Khusus Ibukota Jakarta, Jawa, 12640, Indonesia"
Shibi,KOTA ADM. JAKARTA SELATAN,Jagakarsa,Srengseng Sawah,-6.3449388,106.8262052,"LOW - kelurahan centroid only, not the actual park","Srengseng Sawah, Jagakarsa, Jakarta Selatan, Daerah Khusus Ibukota Jakarta, Jawa, 12640, Indonesia"
Citra Betawi,KOTA ADM. JAKARTA SELATAN,Jagakarsa,Srengseng Sawah,-6.3449388,106.8262052,"LOW - kelurahan centroid only, not the actual park","Srengseng Sawah, Jagakarsa, Jakarta Selatan, Daerah Khusus Ibukota Jakarta, Jawa, 12640, Indonesia"
Betawi Ngumpul,KOTA ADM. JAKARTA SELATAN,Jagakarsa,Srengseng Sawah,-6.3449388,106.8262052,"LOW - kelurahan centroid only, not the actual park","Srengseng Sawah, Jagakarsa, Jakarta Selatan, Daerah Khusus Ibukota Jakarta, Jawa, 12640, Indonesia"
H. Lele,KOTA ADM. JAKARTA SELATAN,Jagakarsa,Srengseng Sawah,-6.3449388,106.8262052,"LOW - kelurahan centroid only, not the actual park","Srengseng Sawah, Jagakarsa, Jakarta Selatan, Daerah Khusus Ibukota Jakarta, Jawa, 12640, Indonesia"
Tiga Pesona,KOTA ADM. JAKARTA SELATAN,Jagakarsa,Srengseng Sawah,-6.3449388,106.8262052,"LOW - kelurahan centroid only, not the actual park","Srengseng Sawah, Jagakarsa, Jakarta Selatan, Daerah Khusus Ibukota Jakarta, Jawa, 12640, Indonesia"
Ciganjur Berseri,KOTA ADM. JAKARTA SELATAN,Jagakarsa,Ciganjur,-6.3355851,106.8070616,"LOW - kelurahan centroid only, not the actual park","Ciganjur, Jagakarsa, Jakarta Selatan, Daerah Khusus Ibukota Jakarta, Jawa, 16431, Indonesia"
Taman Jangkrik,KOTA ADM. JAKARTA SELATAN,Jagakarsa,Ciganjur,-6.3417212,106.8075196,medium - name matched in result,"RPTRA Taman Jangkrik, Ciganjur, Jagakarsa, Jakarta Selatan, Daerah Khusus Ibukota Jakarta, Jawa, Indonesia"
Taman Lenteng Agung,KOTA ADM. JAKARTA SELATAN,Jagakarsa,Lenteng Agung,-6.3228410,106.8360146,medium - name matched in result,"RPTRA Taman Lenteng Agung, Lenteng Agung, Jagakarsa, Jakarta Selatan, Daerah Khusus Ibukota Jakarta, Jawa, Indonesia"
Cipedak Gemilang,KOTA ADM. JAKARTA SELATAN,Jagakarsa,Cipedak,-6.3518261,106.8016288,"LOW - kelurahan centroid only, not the actual park","Cipedak, Jagakarsa, Jakarta Selatan, Daerah Khusus Ibukota Jakarta, Jawa, Indonesia"
Cendekia,KOTA ADM. JAKARTA SELATAN,Jagakarsa,Cipedak,-6.3518261,106.8016288,"LOW - kelurahan centroid only, not the actual park","Cipedak, Jagakarsa, Jakarta Selatan, Daerah Khusus Ibukota Jakarta, Jawa, Indonesia"
Cinta Aselih,KOTA ADM. JAKARTA SELATAN,Jagakarsa,Cipedak,-6.3528901,106.7932036,medium - name matched in result,"RPTRA Cinta Aselih, Cipedak, Jagakarsa, Jakarta Selatan, Daerah Khusus Ibukota Jakarta, Jawa, Indonesia"
Puspita,KOTA ADM. JAKARTA SELATAN,Pesanggrahan,Pesanggrahan,-6.2530463,106.7601793,medium - name matched in result,"RPTRA Puspita, Pesanggrahan, Jakarta Selatan, Daerah Khusus Ibukota Jakarta, Jawa, Indonesia"
Abdi Praja,KOTA ADM. JAKARTA SELATAN,Pesanggrahan,Pesanggrahan,-6.2557097,106.7600011,"LOW - kelurahan centroid only, not the actual park","Pesanggrahan, Jakarta Selatan, Daerah Khusus Ibukota Jakarta, Jawa, 12320, Indonesia"
Anggrek Bintaro,KOTA ADM. JAKARTA SELATAN,Pesanggrahan,Bintaro,-6.2640814,106.7704605,medium - name matched in result,"RPTRA Anggrek Bintaro, Bintaro, Pesanggrahan, Jakarta Selatan, Daerah Khusus Ibukota Jakarta, Jawa, Indonesia"
Permai,KOTA ADM. JAKARTA SELATAN,Pesanggrahan,Bintaro,-6.2578633,106.7635489,medium - name matched in result,"RPTRA Bintaro Permai, No.15 A, Bintaro, Pesanggrahan, Jakarta Selatan, Daerah Khusus Ibukota Jakarta, Jawa, 12330, Indonesia"
Asthabrata,KOTA ADM. JAKARTA SELATAN,Pesanggrahan,Bintaro,-6.2682262,106.7648364,"LOW - kelurahan centroid only, not the actual park","Bintaro, Pesanggrahan, Jakarta Selatan, Daerah Khusus Ibukota Jakarta, Jawa, 12330, Indonesia"
Bhinneka,KOTA ADM. JAKARTA SELATAN,Pesanggrahan,Petukangan Utara,-6.2296276,106.7510906,"LOW - kelurahan centroid only, not the actual park","Petukangan Utara, Pesanggrahan, Jakarta Selatan, Daerah Khusus Ibukota Jakarta, Jawa, 12260, Indonesia"
Petukangan Berseri,KOTA ADM. JAKARTA SELATAN,Pesanggrahan,Petukangan Utara,-6.2296276,106.7510906,"LOW - kelurahan centroid only, not the actual park","Petukangan Utara, Pesanggrahan, Jakarta Selatan, Daerah Khusus Ibukota Jakarta, Jawa, 12260, Indonesia"
Manunggal,KOTA ADM. JAKARTA SELATAN,Pesanggrahan,Petukangan Selatan,-6.2438299,106.7472283,medium - name matched in result,"RPTRA Manunggal, Petukangan Selatan, Pesanggrahan, Jakarta Selatan, Daerah Khusus Ibukota Jakarta, Jawa, Indonesia"
Nusantara,KOTA ADM. JAKARTA SELATAN,Pesanggrahan,Ulujami,-6.2473431,106.7670121,medium - name matched in result,"RPTRA Nusantara, Ulujami, Pesanggrahan, Jakarta Selatan, Daerah Khusus Ibukota Jakarta, Jawa, Indonesia"
Utakara Beriman,KOTA ADM. JAKARTA TIMUR,Matraman,Utan Kayu Utara,-6.1960719,106.8675193,medium - name matched in result,"RPTRA UTAKARA Beriman, Utan Kayu Utara, Matraman, Jakarta Timur, Daerah Khusus Ibukota Jakarta, Jawa, Indonesia"
Utakase Berseri,KOTA ADM. JAKARTA TIMUR,Matraman,Utan Kayu Selatan,-6.2033061,106.8687494,"LOW - kelurahan centroid only, not the actual park","Utan Kayu Selatan, Matraman, Jakarta Timur, Daerah Khusus Ibukota Jakarta, Jawa, 13130, Indonesia"
Puspa Hati,KOTA ADM. JAKARTA TIMUR,Matraman,Utan Kayu Selatan,-6.2033061,106.8687494,"LOW - kelurahan centroid only, not the actual park","Utan Kayu Selatan, Matraman, Jakarta Timur, Daerah Khusus Ibukota Jakarta, Jawa, 13130, Indonesia"
Kenanga,KOTA ADM. JAKARTA PUSAT,Gambir,Cideng,-6.1670690,106.8074561,medium - name matched in result,"RPTRA Kenanga, Cideng, Gambir, Jakarta Pusat, Daerah Khusus Ibukota Jakarta, Jawa, 10150, Indonesia"
Mustika,KOTA ADM. JAKARTA PUSAT,Gambir,Cideng,-6.1736811,106.8092825,"LOW - kelurahan centroid only, not the actual park","Cideng, Gambir, Jakarta Pusat, Daerah Khusus Ibukota Jakarta, Jawa, 10150, Indonesia"
Kejora,KOTA ADM. JAKARTA PUSAT,Gambir,Petojo Utara,-6.1624136,106.8179565,medium - name matched in result,"RPTRA Kejora, Petojo Utara, Gambir, Jakarta Pusat, Daerah Khusus Ibukota Jakarta, Jawa, 10160, Indonesia"
Flamboyan Kejora,KOTA ADM. JAKARTA PUSAT,Gambir,Petojo Utara,-6.1655438,106.8153732,"LOW - kelurahan centroid only, not the actual park","Petojo Utara, Gambir, Jakarta Pusat, Daerah Khusus Ibukota Jakarta, Jawa, 10160, Indonesia"
Tanah Abang 3,KOTA ADM. JAKARTA PUSAT,Gambir,Petojo Selatan,-6.1769119,106.8147803,medium - name matched in result,"RPTRA Tanah Abang 3, Petojo Selatan, Gambir, Jakarta Pusat, Daerah Khusus Ibukota Jakarta, Jawa, 10160, Indonesia"
Melati Duri Pulo,KOTA ADM. JAKARTA PUSAT,Gambir,Duri Pulo,-6.1635081,106.8093186,medium - name matched in result,"RPTRA Melati Duri Pulo, Duri Pulo, Gambir, Jakarta Pusat, Daerah Khusus Ibukota Jakarta, Jawa, 10140, Indonesia"
Pintu Air,KOTA ADM. JAKARTA PUSAT,Sawah Besar,Pasar Baru,-6.1630979,106.8289157,medium - name matched in result,"RPTRA Pintu Air, Pasar Baru, Sawah Besar, Jakarta Pusat, Daerah Khusus Ibukota Jakarta, Jawa, Indonesia"
Jaya Molek,KOTA ADM. JAKARTA PUSAT,Sawah Besar,Pasar Baru,-6.1649010,106.8334669,"LOW - kelurahan centroid only, not the actual park","Pasar Baru, Sawah Besar, Jakarta Pusat, Daerah Khusus Ibukota Jakarta, Jawa, Indonesia"
Karang Anyar,KOTA ADM. JAKARTA PUSAT,Sawah Besar,Karang Anyar,-6.1516060,106.8272504,medium - name matched in result,"RPTRA Karang Anyar, Karang Anyar, Sawah Besar, Jakarta Pusat, Daerah Khusus Ibukota Jakarta, Jawa, Indonesia"
Sahara,KOTA ADM. JAKARTA PUSAT,Sawah Besar,Gunung Sahari Utara,-6.1504141,106.8376909,"LOW - kelurahan centroid only, not the actual park","Gunung Sahari Utara, Sawah Besar, Jakarta Pusat, Daerah Khusus Ibukota Jakarta, Jawa, Indonesia"
Madusela,KOTA ADM. JAKARTA PUSAT,Sawah Besar,Mangga Dua Selatan,-6.1458284,106.8258421,medium - name matched in result,"RPTRA Madusela Sedayu, Mangga Dua Selatan, Sawah Besar, Jakarta Pusat, Daerah Khusus Ibukota Jakarta, Jawa, Indonesia"
Bandar Kemayoran,KOTA ADM. JAKARTA PUSAT,Kemayoran,Kemayoran,-6.1628213,106.8483348,medium - name matched in result,"RPTRA Bandar Kemayoran, Kemayoran, Jakarta Pusat, Daerah Khusus Ibukota Jakarta, Jawa, Indonesia"
Harapan Mulia,KOTA ADM. JAKARTA PUSAT,Kemayoran,Harapan Mulia,-6.1699867,106.8549307,"LOW - kelurahan centroid only, not the actual park","RPTRA Harapan Mulia Agung Sedayu Group, Harapan Mulya, Kemayoran, Jakarta Pusat, Daerah Khusus Ibukota Jakarta, Jawa, Indonesia"
Krida Serdang,KOTA ADM. JAKARTA PUSAT,Kemayoran,Serdang,-6.1571655,106.8583215,medium - name matched in result,"RPTRA Krida Serdang, Serdang, Kemayoran, Jakarta Pusat, Daerah Khusus Ibukota Jakarta, Jawa, Indonesia"
Serdang Baru,KOTA ADM. JAKARTA PUSAT,Kemayoran,Serdang,-6.1590625,106.8645591,medium - name matched in result,"RPTRA Serdang Baru, Serdang, Kemayoran, Jakarta Pusat, Daerah Khusus Ibukota Jakarta, Jawa, Indonesia"
Mutiara Sumur Batu,KOTA ADM. JAKARTA PUSAT,Kemayoran,Sumur Batu,-6.1644996,106.8682592,medium - name matched in result,"RPTRA Mutiara Sumur Batu, Sumur Batu, Kemayoran, Jakarta Pusat, Daerah Khusus Ibukota Jakarta, Jawa, Indonesia"
Kampung Budaya,KOTA ADM. JAKARTA PUSAT,Kemayoran,Utan Panjang,-6.1680045,106.8553585,medium - name matched in result,"RPTRA Kampung Budaya, Utan Panjang, Kemayoran, Jakarta Pusat, Daerah Khusus Ibukota Jakarta, Jawa, Indonesia"
Planet Senen,KOTA ADM. JAKARTA PUSAT,Senen,Senen,-6.1744233,106.8445744,"LOW - kelurahan centroid only, not the actual park","Pasar Senen, Jalan Bungur Besar Raya, RW 04, Senen, Jakarta Pusat, Daerah Khusus Ibukota Jakarta, Jawa, 10460, Indonesia"
Mh Thamrin,KOTA ADM. JAKARTA PUSAT,Senen,Kenari,-6.1926888,106.8465703,"LOW - kelurahan centroid only, not the actual park","Kenari, Senen, Jakarta Pusat, Daerah Khusus Ibukota Jakarta, Jawa, 10430, Indonesia"
Annur,KOTA ADM. JAKARTA PUSAT,Senen,Paseban,-6.1922568,106.8525086,"LOW - kelurahan centroid only, not the actual park","Paseban, Senen, Jakarta Pusat, Daerah Khusus Ibukota Jakarta, Jawa, 10440, Indonesia"
Kampung Benda,KOTA ADM. JAKARTA PUSAT,Cempaka Putih,Cempaka Putih Timur,-6.1746844,106.8654291,medium - name matched in result,"RPTRA Kampung Benda, Cempaka Putih Timur, Cempaka Putih, Jakarta Pusat, Daerah Khusus Ibukota Jakarta, Jawa, Indonesia"
Beringin,KOTA ADM. JAKARTA PUSAT,Cempaka Putih,Cempaka Putih Timur,-6.1763601,106.8704399,"LOW - kelurahan centroid only, not the actual park","Cempaka Putih Timur, Cempaka Putih, Jakarta Pusat, Daerah Khusus Ibukota Jakarta, Jawa, 10540, Indonesia"
Matahari,KOTA ADM. JAKARTA PUSAT,Cempaka Putih,Cempaka Putih Timur,-6.1763601,106.8704399,"LOW - kelurahan centroid only, not the actual park","Cempaka Putih Timur, Cempaka Putih, Jakarta Pusat, Daerah Khusus Ibukota Jakarta, Jawa, 10540, Indonesia"
Anggrek,KOTA ADM. JAKARTA PUSAT,Cempaka Putih,Cempaka Putih Timur,-6.1763601,106.8704399,"LOW - kelurahan centroid only, not the actual park","Cempaka Putih Timur, Cempaka Putih, Jakarta Pusat, Daerah Khusus Ibukota Jakarta, Jawa, 10540, Indonesia"
Mardani Asri,KOTA ADM. JAKARTA PUSAT,Cempaka Putih,Cempaka Putih Barat,-6.1797434,106.8630960,"LOW - kelurahan centroid only, not the actual park","Cempaka Putih Barat, Cempaka Putih, Jakarta Pusat, Daerah Khusus Ibukota Jakarta, Jawa, Indonesia"
Rawasari Ceria,KOTA ADM. JAKARTA PUSAT,Cempaka Putih,Rawasari,-6.1900838,106.8644290,"LOW - kelurahan centroid only, not the actual park","Rawasari, Cempaka Putih, Jakarta Pusat, Daerah Khusus Ibukota Jakarta, Jawa, Indonesia"
Borobudur,KOTA ADM. JAKARTA PUSAT,Menteng,Pegangsaan,-6.2003533,106.8476094,medium - name matched in result,"RPTRA Borobudur, Pegangsaan, Menteng, Jakarta Pusat, Daerah Khusus Ibukota Jakarta, Jawa, 10320, Indonesia"
Amir Hamzah,KOTA ADM. JAKARTA PUSAT,Menteng,Pegangsaan,-6.2034765,106.8504944,medium - name matched in result,"RPTRA Amir Hamzah, Pegangsaan, Menteng, Jakarta Pusat, Daerah Khusus Ibukota Jakarta, Jawa, 10320, Indonesia"
Gondangdia,KOTA ADM. JAKARTA PUSAT,Menteng,Gondangdia,-6.1946579,106.8384118,medium - name matched in result,"RPTRA Gondangdia, Gondangdia, Menteng, Jakarta Pusat, Daerah Khusus Ibukota Jakarta, Jawa, 10350, Indonesia"
Kebon Sirih,KOTA ADM. JAKARTA PUSAT,Menteng,Kebon Sirih,-6.1831424,106.8322070,medium - name matched in result,"RPTRA Kebon Sirih, Kebon Sirih, Menteng, Jakarta Pusat, Daerah Khusus Ibukota Jakarta, Jawa, 10340, Indonesia"
Taman Guntur,KOTA ADM. JAKARTA PUSAT,Tanah Abang,Bendungan Hilir,-6.2095735,106.8101378,medium - name matched in result,"RPTRA Taman Guntur, Bendungan Hilir, Tanah Abang, Jakarta Pusat, Daerah Khusus Ibukota Jakarta, Jawa, 10210, Indonesia"
Taman Keuangan,KOTA ADM. JAKARTA PUSAT,Tanah Abang,Bendungan Hilir,-6.2087254,106.8086398,"LOW - kelurahan centroid only, not the actual park","Bendungan Hilir, Tanah Abang, Jakarta Pusat, Daerah Khusus Ibukota Jakarta, Jawa, 10210, Indonesia"
Taman Raning,KOTA ADM. JAKARTA PUSAT,Tanah Abang,Bendungan Hilir,-6.2087254,106.8086398,"LOW - kelurahan centroid only, not the actual park","Bendungan Hilir, Tanah Abang, Jakarta Pusat, Daerah Khusus Ibukota Jakarta, Jawa, 10210, Indonesia"
Melati 04,KOTA ADM. JAKARTA PUSAT,Tanah Abang,Bendungan Hilir,-6.2087254,106.8086398,"LOW - kelurahan centroid only, not the actual park","Bendungan Hilir, Tanah Abang, Jakarta Pusat, Daerah Khusus Ibukota Jakarta, Jawa, 10210, Indonesia"
Rusben 2,KOTA ADM. JAKARTA PUSAT,Tanah Abang,Bendungan Hilir,-6.2087254,106.8086398,"LOW - kelurahan centroid only, not the actual park","Bendungan Hilir, Tanah Abang, Jakarta Pusat, Daerah Khusus Ibukota Jakarta, Jawa, 10210, Indonesia"
Intiland Teduh Karet Tengsin,KOTA ADM. JAKARTA PUSAT,Tanah Abang,Karet Tengsin,-6.2047879,106.8115476,"LOW - name not found in matched address, verify manually","RPTRA Intiland Teduh, Karet Tengsin, Tanah Abang, Jakarta Pusat, Daerah Khusus Ibukota Jakarta, Jawa, 10220, Indonesia"
Segas Segar Berseri,KOTA ADM. JAKARTA PUSAT,Tanah Abang,Karet Tengsin,-6.2074731,106.8164889,"LOW - kelurahan centroid only, not the actual park","Karet Tengsin, Tanah Abang, Jakarta Pusat, Daerah Khusus Ibukota Jakarta, Jawa, 10220, Indonesia"
Petamburan,KOTA ADM. JAKARTA PUSAT,Tanah Abang,Petamburan,-6.1953983,106.8068864,"LOW - kelurahan centroid only, not the actual park","Petamburan, Tanah Abang, Jakarta Pusat, Daerah Khusus Ibukota Jakarta, Jawa, 10260, Indonesia"
Bonti,KOTA ADM. JAKARTA PUSAT,Tanah Abang,Kebon Melati,-6.2002188,106.8141701,medium - name matched in result,"RPTRA Bonti, Kebon Melati, Tanah Abang, Jakarta Pusat, Daerah Khusus Ibukota Jakarta, Jawa, 10230, Indonesia"
Hati Suci,KOTA ADM. JAKARTA PUSAT,Tanah Abang,Kampung Bali,-6.1831089,106.8172757,medium - name matched in result,"RPTRA Hati Suci, Kampung Bali, Tanah Abang, Jakarta Pusat, Daerah Khusus Ibukota Jakarta, Jawa, 10250, Indonesia"
H.Hasbi,KOTA ADM. JAKARTA PUSAT,Tanah Abang,Kampung Bali,-6.1849724,106.8160095,"LOW - kelurahan centroid only, not the actual park","Kampung Bali, Tanah Abang, Jakarta Pusat, Daerah Khusus Ibukota Jakarta, Jawa, 10250, Indonesia"
Johar Berseri,KOTA ADM. JAKARTA PUSAT,Johar Baru,Johar Baru,-6.1857706,106.8567766,"LOW - kelurahan centroid only, not the actual park","Johar Baru, Jakarta Pusat, Daerah Khusus Ibukota Jakarta, Jawa, Indonesia"
Rawa Indah,KOTA ADM. JAKARTA PUSAT,Johar Baru,Kampung Rawa,-6.1795121,106.8556590,"LOW - kelurahan centroid only, not the actual park","Kampung Rawa, Johar Baru, Jakarta Pusat, Daerah Khusus Ibukota Jakarta, Jawa, 10550, Indonesia"
Rawa Indah Ceria,KOTA ADM. JAKARTA PUSAT,Johar Baru,Kampung Rawa,-6.1795121,106.8556590,"LOW - kelurahan centroid only, not the actual park","Kampung Rawa, Johar Baru, Jakarta Pusat, Daerah Khusus Ibukota Jakarta, Jawa, 10550, Indonesia"
Rasela Indah,KOTA ADM. JAKARTA PUSAT,Johar Baru,Kampung Rawa,-6.1795121,106.8556590,"LOW - kelurahan centroid only, not the actual park","Kampung Rawa, Johar Baru, Jakarta Pusat, Daerah Khusus Ibukota Jakarta, Jawa, 10550, Indonesia"
Komando Ceria,KOTA ADM. JAKARTA PUSAT,Johar Baru,Galur,-6.1760190,106.8551951,"LOW - kelurahan centroid only, not the actual park","Galur, Johar Baru, Jakarta Pusat, Daerah Khusus Ibukota Jakarta, Jawa, 10530, Indonesia"
Gempar Gemilang,KOTA ADM. JAKARTA PUSAT,Johar Baru,Galur,-6.1760190,106.8551951,"LOW - kelurahan centroid only, not the actual park","Galur, Johar Baru, Jakarta Pusat, Daerah Khusus Ibukota Jakarta, Jawa, 10530, Indonesia"
Pandawa,KOTA ADM. JAKARTA PUSAT,Johar Baru,Tanah Tinggi,-6.1798929,106.8494106,"LOW - kelurahan centroid only, not the actual park","Tanah Tinggi, Johar Baru, Jakarta Pusat, Daerah Khusus Ibukota Jakarta, Jawa, Indonesia"
Pulo Gundul,KOTA ADM. JAKARTA PUSAT,Johar Baru,Tanah Tinggi,-6.1834329,106.8491421,medium - name matched in result,"RPTRA Pulo Gundul, Tanah Tinggi, Johar Baru, Jakarta Pusat, Daerah Khusus Ibukota Jakarta, Jawa, Indonesia"
Rustanti,KOTA ADM. JAKARTA PUSAT,Johar Baru,Tanah Tinggi,-6.1798929,106.8494106,"LOW - kelurahan centroid only, not the actual park","Tanah Tinggi, Johar Baru, Jakarta Pusat, Daerah Khusus Ibukota Jakarta, Jawa, Indonesia"
Penjaringan Indah,KOTA ADM. JAKARTA UTARA,Penjaringan,Penjaringan,-6.1341017,106.7962225,medium - name matched in result,"RPTRA Penjaringan Indah II, Penjaringan, Jakarta Utara, Daerah Khusus Ibukota Jakarta, Jawa, 14430, Indonesia"
Rusun Muara Baru,KOTA ADM. JAKARTA UTARA,Penjaringan,Penjaringan,-6.1289041,106.7992012,"LOW - kelurahan centroid only, not the actual park","Penjaringan, Jakarta Utara, Daerah Khusus Ibukota Jakarta, Jawa, 14430, Indonesia"
Kamal Bahari,KOTA ADM. JAKARTA UTARA,Penjaringan,Kamal Muara,-6.0952517,106.7190137,medium - name matched in result,"RPTRA Kamal Bahari, Kamal Muara, Penjaringan, Jakarta Utara, Daerah Khusus Ibukota Jakarta, Jawa, 14470, Indonesia"
Villa Kapuk Mas 2,KOTA ADM. JAKARTA UTARA,Penjaringan,Kapuk Muara,-6.1229723,106.7613232,"LOW - kelurahan centroid only, not the actual park","Kapuk Muara, Penjaringan, Jakarta Utara, Daerah Khusus Ibukota Jakarta, Jawa, 14460, Indonesia"
Rusun Kapuk Muara,KOTA ADM. JAKARTA UTARA,Penjaringan,Kapuk Muara,-6.1229723,106.7613232,"LOW - kelurahan centroid only, not the actual park","Kapuk Muara, Penjaringan, Jakarta Utara, Daerah Khusus Ibukota Jakarta, Jawa, 14460, Indonesia"
Dharma Suci,KOTA ADM. JAKARTA UTARA,Penjaringan,Pejagalan,-6.1327067,106.7920397,medium - name matched in result,"RPTRA Dharma Suci, Pejagalan, Penjaringan, Jakarta Utara, Daerah Khusus Ibukota Jakarta, Jawa, 14450, Indonesia"
Angke Interaktif,KOTA ADM. JAKARTA UTARA,Penjaringan,Pluit,-6.1093209,106.7697353,medium - name matched in result,"RPTRA Angke Interaktif, Pluit, Penjaringan, Jakarta Utara, Daerah Khusus Ibukota Jakarta, Jawa, 14440, Indonesia"
Jakpro Asri,KOTA ADM. JAKARTA UTARA,Penjaringan,Pluit,-6.1120210,106.7806628,medium - name matched in result,"RPTRA Jakpro Asri, Pluit, Penjaringan, Jakarta Utara, Daerah Khusus Ibukota Jakarta, Jawa, 14440, Indonesia"
Sunter Jaya Berseri,KOTA ADM. JAKARTA UTARA,Tanjung Priok,Sunter Jaya,-6.1518570,106.8781723,"LOW - kelurahan centroid only, not the actual park","Sunter Jaya, Tanjung Priok, Jakarta Utara, Daerah Khusus Ibukota Jakarta, Jawa, 14350, Indonesia"
Tunas Harapan,KOTA ADM. JAKARTA UTARA,Tanjung Priok,Sunter Jaya,-6.1518570,106.8781723,"LOW - kelurahan centroid only, not the actual park","Sunter Jaya, Tanjung Priok, Jakarta Utara, Daerah Khusus Ibukota Jakarta, Jawa, 14350, Indonesia"
Nirmala,KOTA ADM. JAKARTA UTARA,Tanjung Priok,Sunter Jaya,-6.1545010,106.8673808,medium - name matched in result,"RPTRA Nirmala, Sunter Jaya, Tanjung Priok, Jakarta Utara, Daerah Khusus Ibukota Jakarta, Jawa, 14350, Indonesia"
Sunter Mas,KOTA ADM. JAKARTA UTARA,Tanjung Priok,Sunter Jaya,-6.1549367,106.8733570,medium - name matched in result,"RPTRA Sunter Mas, Sunter Jaya, Tanjung Priok, Jakarta Utara, Daerah Khusus Ibukota Jakarta, Jawa, 14350, Indonesia"
Danau Sunter,KOTA ADM. JAKARTA UTARA,Tanjung Priok,Sunter Jaya,-6.1518570,106.8781723,"LOW - kelurahan centroid only, not the actual park","Sunter Jaya, Tanjung Priok, Jakarta Utara, Daerah Khusus Ibukota Jakarta, Jawa, 14350, Indonesia"
Sunter Indah,KOTA ADM. JAKARTA UTARA,Tanjung Priok,Sunter Jaya,-6.1518570,106.8781723,"LOW - kelurahan centroid only, not the actual park","Sunter Jaya, Tanjung Priok, Jakarta Utara, Daerah Khusus Ibukota Jakarta, Jawa, 14350, Indonesia"
Sunter Hijau,KOTA ADM. JAKARTA UTARA,Tanjung Priok,Sunter Jaya,-6.1518570,106.8781723,"LOW - kelurahan centroid only, not the actual park","Sunter Jaya, Tanjung Priok, Jakarta Utara, Daerah Khusus Ibukota Jakarta, Jawa, 14350, Indonesia"
Pulo Besar,KOTA ADM. JAKARTA UTARA,Tanjung Priok,Sunter Jaya,-6.1518570,106.8781723,"LOW - kelurahan centroid only, not the actual park","Sunter Jaya, Tanjung Priok, Jakarta Utara, Daerah Khusus Ibukota Jakarta, Jawa, 14350, Indonesia"
Lestari Indah,KOTA ADM. JAKARTA UTARA,Tanjung Priok,Papanggo,-6.1220617,106.8686810,medium - name matched in result,"RPTRA Lestari Indah, Papanggo, Tanjung Priok, Jakarta Utara, Daerah Khusus Ibukota Jakarta, Jawa, 14340, Indonesia"
Green Bisma,KOTA ADM. JAKARTA UTARA,Tanjung Priok,Papanggo,-6.1292010,106.8721639,"LOW - kelurahan centroid only, not the actual park","Papanggo, Tanjung Priok, Jakarta Utara, Daerah Khusus Ibukota Jakarta, Jawa, 14340, Indonesia"
Manggala Bisma,KOTA ADM. JAKARTA UTARA,Tanjung Priok,Papanggo,-6.1292010,106.8721639,"LOW - kelurahan centroid only, not the actual park","Papanggo, Tanjung Priok, Jakarta Utara, Daerah Khusus Ibukota Jakarta, Jawa, 14340, Indonesia"
Sungai Bambu,KOTA ADM. JAKARTA UTARA,Tanjung Priok,Sungai Bambu,-6.1303140,106.8909162,medium - name matched in result,"RPTRA Sungai Bambu, Sungai Bambu, Tanjung Priok, Jakarta Utara, Daerah Khusus Ibukota Jakarta, Jawa, 14330, Indonesia"
Bawang Putih,KOTA ADM. JAKARTA UTARA,Tanjung Priok,Kebon Bawang,-6.1198964,106.8885581,"LOW - kelurahan centroid only, not the actual park","Kebon Bawang, Tanjung Priok, Jakarta Utara, Daerah Khusus Ibukota Jakarta, Jawa, 14320, Indonesia"
Sutra Indah 3,KOTA ADM. JAKARTA UTARA,Tanjung Priok,Sunter Agung,-6.1386040,106.8643448,"LOW - kelurahan centroid only, not the actual park","Sunter Agung, Tanjung Priok, Jakarta Utara, Daerah Khusus Ibukota Jakarta, Jawa, 14350, Indonesia"
Sutra Indah 4,KOTA ADM. JAKARTA UTARA,Tanjung Priok,Sunter Agung,-6.1386040,106.8643448,"LOW - kelurahan centroid only, not the actual park","Sunter Agung, Tanjung Priok, Jakarta Utara, Daerah Khusus Ibukota Jakarta, Jawa, 14350, Indonesia"
Sutra Indah 1,KOTA ADM. JAKARTA UTARA,Tanjung Priok,Sunter Agung,-6.1406504,106.8696949,medium - name matched in result,"RPTRA Sutra Indah 1, Sunter Agung, Tanjung Priok, Jakarta Utara, Daerah Khusus Ibukota Jakarta, Jawa, 14350, Indonesia"
Kampung Indah Lestari,KOTA ADM. JAKARTA UTARA,Tanjung Priok,Sunter Agung,-6.1386040,106.8643448,"LOW - kelurahan centroid only, not the actual park","Sunter Agung, Tanjung Priok, Jakarta Utara, Daerah Khusus Ibukota Jakarta, Jawa, 14350, Indonesia"
Sutra Indah 2,KOTA ADM. JAKARTA UTARA,Tanjung Priok,Sunter Agung,-6.1386040,106.8643448,"LOW - kelurahan centroid only, not the actual park","Sunter Agung, Tanjung Priok, Jakarta Utara, Daerah Khusus Ibukota Jakarta, Jawa, 14350, Indonesia"
Sunter Muara,KOTA ADM. JAKARTA UTARA,Tanjung Priok,Sunter Agung,-6.1386040,106.8643448,"LOW - kelurahan centroid only, not the actual park","Sunter Agung, Tanjung Priok, Jakarta Utara, Daerah Khusus Ibukota Jakarta, Jawa, 14350, Indonesia"
Sindang Raya,KOTA ADM. JAKARTA UTARA,Koja,Koja,-6.1121495,106.8968171,"LOW - name not found in matched address, verify manually","RPTRA Sindang Jaya, Koja, Jakarta Utara, Daerah Khusus Ibukota Jakarta, Jawa, 14220, Indonesia"
Walang Baru,KOTA ADM. JAKARTA UTARA,Koja,Tugu Utara,-6.1224924,106.9121406,"LOW - kelurahan centroid only, not the actual park","Tugu Utara, Koja, Jakarta Utara, Daerah Khusus Ibukota Jakarta, Jawa, 14260, Indonesia"
Tugu Permai,KOTA ADM. JAKARTA UTARA,Koja,Tugu Utara,-6.1224924,106.9121406,"LOW - kelurahan centroid only, not the actual park","Tugu Utara, Koja, Jakarta Utara, Daerah Khusus Ibukota Jakarta, Jawa, 14260, Indonesia"
Amanah,KOTA ADM. JAKARTA UTARA,Koja,Tugu Utara,-6.1198646,106.9183380,medium - name matched in result,"RPTRA Amanah, Tugu Utara, Koja, Jakarta Utara, Daerah Khusus Ibukota Jakarta, Jawa, 14260, Indonesia"
Permata,KOTA ADM. JAKARTA UTARA,Koja,Tugu Utara,-6.1278241,106.9147405,medium - name matched in result,"RPTRA Permata, Tugu Utara, Koja, Jakarta Utara, Daerah Khusus Ibukota Jakarta, Jawa, 14260, Indonesia"
Rawa Badak Utara,KOTA ADM. JAKARTA UTARA,Koja,Rawa Badak Utara,-6.1172656,106.8966394,medium - name matched in result,"RPTRA Rawa Badak, Rawa Badak Utara, Koja, Jakarta Utara, Daerah Khusus Ibukota Jakarta, Jawa, 14230, Indonesia"
Radar Pembangunan,KOTA ADM. JAKARTA UTARA,Koja,Rawa Badak Utara,-6.1201075,106.8967122,medium - name matched in result,"RPTRA Radar Pembangunan, Rawa Badak Utara, Koja, Jakarta Utara, Daerah Khusus Ibukota Jakarta, Jawa, 14230, Indonesia"
Rasela,KOTA ADM. JAKARTA UTARA,Koja,Rawa Badak Selatan,-6.1310038,106.8994683,"LOW - kelurahan centroid only, not the actual park","Rawa Badak Selatan, Koja, Jakarta Utara, Daerah Khusus Ibukota Jakarta, Jawa, 14230, Indonesia"
Cilincing Berseri,KOTA ADM. JAKARTA UTARA,Cilincing,Cilincing,-6.1090904,106.9428098,"LOW - kelurahan centroid only, not the actual park","Cilincing, Jakarta Utara, Daerah Khusus Ibukota Jakarta, Jawa, 14120, Indonesia"
Manunggal Juang,KOTA ADM. JAKARTA UTARA,Cilincing,Sukapura,-6.1551627,106.9245324,medium - name matched in result,"RPTRA Manunggal Juang, Sukapura, Cilincing, Jakarta Utara, Daerah Khusus Ibukota Jakarta, Jawa, 14140, Indonesia"
Taman Pinus,KOTA ADM. JAKARTA UTARA,Cilincing,Sukapura,-6.1402007,106.9176158,medium - name matched in result,"RPTRA Taman Pinus, Sukapura, Cilincing, Jakarta Utara, Daerah Khusus Ibukota Jakarta, Jawa, 14140, Indonesia"
Anoa,KOTA ADM. JAKARTA UTARA,Cilincing,Sukapura,-6.1476246,106.9303862,"LOW - kelurahan centroid only, not the actual park","Sukapura, Cilincing, Jakarta Utara, Daerah Khusus Ibukota Jakarta, Jawa, 14140, Indonesia"
Marunda,KOTA ADM. JAKARTA UTARA,Cilincing,Marunda,-6.0990327,106.9635760,medium - name matched in result,"RPTRA Marunda Klaster A, Marunda, Cilincing, Jakarta Utara, Daerah Khusus Ibukota Jakarta, Jawa, 14150, Indonesia"
Green Marunda,KOTA ADM. JAKARTA UTARA,Cilincing,Marunda,-6.1231575,106.9601716,"LOW - kelurahan centroid only, not the actual park","Marunda, Cilincing, Jakarta Utara, Daerah Khusus Ibukota Jakarta, Jawa, 14150, Indonesia"
Mutiara,KOTA ADM. JAKARTA UTARA,Cilincing,Marunda,-6.1231575,106.9601716,"LOW - kelurahan centroid only, not the actual park","Marunda, Cilincing, Jakarta Utara, Daerah Khusus Ibukota Jakarta, Jawa, 14150, Indonesia"
Sirih Kuning,KOTA ADM. JAKARTA UTARA,Cilincing,Marunda,-6.1231575,106.9601716,"LOW - kelurahan centroid only, not the actual park","Marunda, Cilincing, Jakarta Utara, Daerah Khusus Ibukota Jakarta, Jawa, 14150, Indonesia"
Al Alam,KOTA ADM. JAKARTA UTARA,Cilincing,Marunda,-6.1231575,106.9601716,"LOW - kelurahan centroid only, not the actual park","Marunda, Cilincing, Jakarta Utara, Daerah Khusus Ibukota Jakarta, Jawa, 14150, Indonesia"
Si Pitung,KOTA ADM. JAKARTA UTARA,Cilincing,Marunda,-6.1231575,106.9601716,"LOW - kelurahan centroid only, not the actual park","Marunda, Cilincing, Jakarta Utara, Daerah Khusus Ibukota Jakarta, Jawa, 14150, Indonesia"
Mangrove,KOTA ADM. JAKARTA UTARA,Cilincing,Marunda,-6.1231575,106.9601716,"LOW - kelurahan centroid only, not the actual park","Marunda, Cilincing, Jakarta Utara, Daerah Khusus Ibukota Jakarta, Jawa, 14150, Indonesia"
Gabus Pucung,KOTA ADM. JAKARTA UTARA,Cilincing,Marunda,-6.1231575,106.9601716,"LOW - kelurahan centroid only, not the actual park","Marunda, Cilincing, Jakarta Utara, Daerah Khusus Ibukota Jakarta, Jawa, 14150, Indonesia"
Rorotan Indah,KOTA ADM. JAKARTA UTARA,Cilincing,Rorotan,-6.1457207,106.9567014,"LOW - kelurahan centroid only, not the actual park","Rorotan, Cilincing, Jakarta Utara, Daerah Khusus Ibukota Jakarta, Jawa, 14140, Indonesia"
Malaka Asri,KOTA ADM. JAKARTA UTARA,Cilincing,Rorotan,-6.1457207,106.9567014,"LOW - kelurahan centroid only, not the actual park","Rorotan, Cilincing, Jakarta Utara, Daerah Khusus Ibukota Jakarta, Jawa, 14140, Indonesia"
Pancarona,KOTA ADM. JAKARTA UTARA,Cilincing,Rorotan,-6.1457207,106.9567014,"LOW - kelurahan centroid only, not the actual park","Rorotan, Cilincing, Jakarta Utara, Daerah Khusus Ibukota Jakarta, Jawa, 14140, Indonesia"
Rorotan Indah 2,KOTA ADM. JAKARTA UTARA,Cilincing,Rorotan,-6.1457207,106.9567014,"LOW - kelurahan centroid only, not the actual park","Rorotan, Cilincing, Jakarta Utara, Daerah Khusus Ibukota Jakarta, Jawa, 14140, Indonesia"
Sundiro,KOTA ADM. JAKARTA UTARA,Cilincing,Rorotan,-6.1457207,106.9567014,"LOW - kelurahan centroid only, not the actual park","Rorotan, Cilincing, Jakarta Utara, Daerah Khusus Ibukota Jakarta, Jawa, 14140, Indonesia"
Intiland Teduh Semper Barat,KOTA ADM. JAKARTA UTARA,Cilincing,Semper Barat,-6.1238539,106.9243509,"LOW - kelurahan centroid only, not the actual park","Semper Barat, Cilincing, Jakarta Utara, Daerah Khusus Ibukota Jakarta, Jawa, 14130, Indonesia"
Tipar Asri,KOTA ADM. JAKARTA UTARA,Cilincing,Semper Barat,-6.1238539,106.9243509,"LOW - kelurahan centroid only, not the actual park","Semper Barat, Cilincing, Jakarta Utara, Daerah Khusus Ibukota Jakarta, Jawa, 14130, Indonesia"
Pesona Tipar,KOTA ADM. JAKARTA UTARA,Cilincing,Semper Barat,-6.1238539,106.9243509,"LOW - kelurahan centroid only, not the actual park","Semper Barat, Cilincing, Jakarta Utara, Daerah Khusus Ibukota Jakarta, Jawa, 14130, Indonesia"
Green Rengas,KOTA ADM. JAKARTA UTARA,Cilincing,Semper Barat,-6.1238539,106.9243509,"LOW - kelurahan centroid only, not the actual park","Semper Barat, Cilincing, Jakarta Utara, Daerah Khusus Ibukota Jakarta, Jawa, 14130, Indonesia"
Satria Biru,KOTA ADM. JAKARTA UTARA,Cilincing,Semper Barat,-6.1238539,106.9243509,"LOW - kelurahan centroid only, not the actual park","Semper Barat, Cilincing, Jakarta Utara, Daerah Khusus Ibukota Jakarta, Jawa, 14130, Indonesia"
Triputra Persada Hijau,KOTA ADM. JAKARTA UTARA,Cilincing,Semper Barat,-6.1238539,106.9243509,"LOW - kelurahan centroid only, not the actual park","Semper Barat, Cilincing, Jakarta Utara, Daerah Khusus Ibukota Jakarta, Jawa, 14130, Indonesia"
Taman Sena,KOTA ADM. JAKARTA UTARA,Cilincing,Semper Barat,-6.1238539,106.9243509,"LOW - kelurahan centroid only, not the actual park","Semper Barat, Cilincing, Jakarta Utara, Daerah Khusus Ibukota Jakarta, Jawa, 14130, Indonesia"
Dukuh Manis,KOTA ADM. JAKARTA UTARA,Cilincing,Semper Barat,-6.1238539,106.9243509,"LOW - kelurahan centroid only, not the actual park","Semper Barat, Cilincing, Jakarta Utara, Daerah Khusus Ibukota Jakarta, Jawa, 14130, Indonesia"
Kapuas Dua Satu Dua,KOTA ADM. JAKARTA UTARA,Cilincing,Semper Barat,-6.1238539,106.9243509,"LOW - kelurahan centroid only, not the actual park","Semper Barat, Cilincing, Jakarta Utara, Daerah Khusus Ibukota Jakarta, Jawa, 14130, Indonesia"
Patimura,KOTA ADM. JAKARTA UTARA,Pademangan,Pademangan Timur,-6.1382734,106.8473205,"LOW - kelurahan centroid only, not the actual park","Pademangan Timur, Pademangan, Jakarta Utara, Daerah Khusus Ibukota Jakarta, Jawa, 14410, Indonesia"
Budi Mulia,KOTA ADM. JAKARTA UTARA,Pademangan,Pademangan Barat,-6.1342040,106.8361018,"LOW - kelurahan centroid only, not the actual park","Pademangan Barat, Pademangan, Jakarta Utara, Daerah Khusus Ibukota Jakarta, Jawa, 14420, Indonesia"
Biru Laut,KOTA ADM. JAKARTA UTARA,Kelapa Gading,Kelapa Gading Timur,-6.1661472,106.9071641,medium - name matched in result,"RPTRA Biru Laut, Kelapa Gading Timur, Kelapa Gading, Jakarta Utara, Daerah Khusus Ibukota Jakarta, Jawa, 14240, Indonesia"
Gading Harmoni,KOTA ADM. JAKARTA UTARA,Kelapa Gading,Kelapa Gading Timur,-6.1682935,106.9042145,"LOW - kelurahan centroid only, not the actual park","Kelapa Gading Timur, Kelapa Gading, Jakarta Utara, Daerah Khusus Ibukota Jakarta, Jawa, 14240, Indonesia"
Dewi Shinta,KOTA ADM. JAKARTA UTARA,Kelapa Gading,Kelapa Gading Timur,-6.1682935,106.9042145,"LOW - kelurahan centroid only, not the actual park","Kelapa Gading Timur, Kelapa Gading, Jakarta Utara, Daerah Khusus Ibukota Jakarta, Jawa, 14240, Indonesia"
Gading Tarian,KOTA ADM. JAKARTA UTARA,Kelapa Gading,Kelapa Gading Timur,-6.1682935,106.9042145,"LOW - kelurahan centroid only, not the actual park","Kelapa Gading Timur, Kelapa Gading, Jakarta Utara, Daerah Khusus Ibukota Jakarta, Jawa, 14240, Indonesia"
NKRI,KOTA ADM. JAKARTA UTARA,Kelapa Gading,Pegangsaan Dua,-6.1572135,106.9142091,"LOW - kelurahan centroid only, not the actual park","Pegangsaan Dua, Jalan Gading Grande, RW 03, Pegangsaan Dua, Kelapa Gading, Jakarta Utara, Daerah Khusus Ibukota Jakarta, Jawa, 14250, Indonesia"
H. Oyar,KOTA ADM. JAKARTA UTARA,Kelapa Gading,Pegangsaan Dua,-6.1779986,106.9171819,medium - name matched in result,"RPTRA H. Oyar, Pegangsaan Dua, Kelapa Gading, Jakarta Utara, Daerah Khusus Ibukota Jakarta, Jawa, 14250, Indonesia"
Kelapa Nias IX,KOTA ADM. JAKARTA UTARA,Kelapa Gading,Pegangsaan Dua,-6.1511519,106.9128208,medium - name matched in result,"RPTRA Kelapa Nias IX, Pegangsaan Dua, Kelapa Gading, Jakarta Utara, Daerah Khusus Ibukota Jakarta, Jawa, 14250, Indonesia"
Griya Pratama,KOTA ADM. JAKARTA UTARA,Kelapa Gading,Pegangsaan Dua,-6.1732722,106.9128566,medium - name matched in result,"RPTRA Griya Pratama, Pegangsaan Dua, Kelapa Gading, Jakarta Utara, Daerah Khusus Ibukota Jakarta, Jawa, 14250, Indonesia"
Gading Ayu,KOTA ADM. JAKARTA UTARA,Kelapa Gading,Pegangsaan Dua,-6.1572135,106.9142091,"LOW - kelurahan centroid only, not the actual park","Pegangsaan Dua, Jalan Gading Grande, RW 03, Pegangsaan Dua, Kelapa Gading, Jakarta Utara, Daerah Khusus Ibukota Jakarta, Jawa, 14250, Indonesia"
Bellyra Taman Taska,KOTA ADM. JAKARTA UTARA,Kelapa Gading,Pegangsaan Dua,-6.1572135,106.9142091,"LOW - kelurahan centroid only, not the actual park","Pegangsaan Dua, Jalan Gading Grande, RW 03, Pegangsaan Dua, Kelapa Gading, Jakarta Utara, Daerah Khusus Ibukota Jakarta, Jawa, 14250, Indonesia"
Kelapa Puan,KOTA ADM. JAKARTA UTARA,Kelapa Gading,Pegangsaan Dua,-6.1615875,106.9119569,medium - name matched in result,"RPTRA Kelapa Puan, Pegangsaan Dua, Kelapa Gading, Jakarta Utara, Daerah Khusus Ibukota Jakarta, Jawa, 14250, Indonesia"
Kelapa Nias III,KOTA ADM. JAKARTA UTARA,Kelapa Gading,Pegangsaan Dua,-6.1537776,106.9108920,medium - name matched in result,"RPTRA Kelapa Nias III, Pegangsaan Dua, Kelapa Gading, Jakarta Utara, Daerah Khusus Ibukota Jakarta, Jawa, 14250, Indonesia"
Pondok Gading,KOTA ADM. JAKARTA UTARA,Kelapa Gading,Pegangsaan Dua,-6.1572135,106.9142091,"LOW - kelurahan centroid only, not the actual park","Pegangsaan Dua, Jalan Gading Grande, RW 03, Pegangsaan Dua, Kelapa Gading, Jakarta Utara, Daerah Khusus Ibukota Jakarta, Jawa, 14250, Indonesia"
Kita Bersaudara,KOTA ADM. JAKARTA UTARA,Kelapa Gading,Kelapa Gading Barat,-6.1556025,106.8951708,"LOW - kelurahan centroid only, not the actual park","Kelapa Gading Barat, Kelapa Gading, Jakarta Utara, Daerah Khusus Ibukota Jakarta, Jawa, 14240, Indonesia"
Matahari,KOTA ADM. JAKARTA BARAT,Tamansari,Maphar,,,FAILED,
Kalijodo,KOTA ADM. JAKARTA BARAT,Tambora,Angke,-6.1447372,106.8007792,"LOW - kelurahan centroid only, not the actual park","Angke, Jalan Angke Barat, RW 01, Angke, Tambora, Jakarta Barat, Daerah Khusus Ibukota Jakarta, Jawa, 11250, Indonesia"
Jeruk Manis,KOTA ADM. JAKARTA BARAT,Kebon Jeruk,Kebon Jeruk,-6.1914306,106.7724212,medium - name matched in result,"RPTRA Jeruk Manis, Kebon Jeruk, Jakarta Barat, Daerah Khusus Ibukota Jakarta, Jawa, Indonesia"
Dupa Wangi,KOTA ADM. JAKARTA BARAT,Kebon Jeruk,Duri Kepa,-6.1720724,106.7757986,medium - name matched in result,"RPTRA Dupa Wangi, Duri Kepa, Kebon Jeruk, Jakarta Barat, Daerah Khusus Ibukota Jakarta, Jawa, Indonesia"
Kedoya Utara,KOTA ADM. JAKARTA BARAT,Kebon Jeruk,Kedoya Utara,-6.1644383,106.7662117,medium - name matched in result,"RPTRA Kedoya Utara, Kedoya Utara, Kebon Jeruk, Jakarta Barat, Daerah Khusus Ibukota Jakarta, Jawa, Indonesia"
Pandawa,KOTA ADM. JAKARTA BARAT,Kebon Jeruk,Kedoya Selatan,-6.1841017,106.7632628,medium - name matched in result,"RPTRA Pandawa, Kedoya Selatan, Kebon Jeruk, Jakarta Barat, Daerah Khusus Ibukota Jakarta, Jawa, Indonesia"
Kalideres,KOTA ADM. JAKARTA BARAT,Kalideres,Kalideres,-6.1433942,106.6937942,medium - name matched in result,"RPTRA Kalideres, Kalideres, Jakarta Barat, Daerah Khusus Ibukota Jakarta, Jawa, Indonesia"
Alur Kemuning,KOTA ADM. JAKARTA BARAT,Kalideres,Tegal Alur,-6.1157857,106.7147434,medium - name matched in result,"RPTRA Alur Kemuning, Tegal Alur, Kalideres, Jakarta Barat, Daerah Khusus Ibukota Jakarta, Jawa, Indonesia"
Alur Anggrek,KOTA ADM. JAKARTA BARAT,Kalideres,Tegal Alur,-6.1284759,106.7170536,medium - name matched in result,"RPTRA Alur Anggrek, Tegal Alur, Kalideres, Jakarta Barat, Daerah Khusus Ibukota Jakarta, Jawa, Indonesia"
Alur Dahlia,KOTA ADM. JAKARTA BARAT,Kalideres,Tegal Alur,-6.1203628,106.7182353,medium - name matched in result,"RPTRA Alur Dahlia, Tegal Alur, Kalideres, Jakarta Barat, Daerah Khusus Ibukota Jakarta, Jawa, Indonesia"
Alur Flamboyan,KOTA ADM. JAKARTA BARAT,Kalideres,Tegal Alur,-6.1191781,106.7164165,"LOW - kelurahan centroid only, not the actual park","Tegal Alur, Kalideres, Jakarta Barat, Daerah Khusus Ibukota Jakarta, Jawa, 11820, Indonesia"
Cambela,KOTA ADM. JAKARTA BARAT,Kalideres,Kamal,-6.1025778,106.6978454,"LOW - kelurahan centroid only, not the actual park","Kamal, Kalideres, Jakarta Barat, Daerah Khusus Ibukota Jakarta, Jawa, 11810, Indonesia"
Poraya,KOTA ADM. JAKARTA BARAT,Kalideres,Kamal,-6.1141884,106.6981984,medium - name matched in result,"RPTRA Poraya, Kamal, Kalideres, Jakarta Barat, Daerah Khusus Ibukota Jakarta, Jawa, Indonesia"
Pegadungan,KOTA ADM. JAKARTA BARAT,Kalideres,Pegadungan,-6.1331636,106.7103762,medium - name matched in result,"RPTRA Kenanga, Pegadungan, Kalideres, Jakarta Barat, Daerah Khusus Ibukota Jakarta, Jawa, Indonesia"
Kenanga,KOTA ADM. JAKARTA BARAT,Kalideres,Pegadungan,-6.1331636,106.7103762,medium - name matched in result,"RPTRA Kenanga, Pegadungan, Kalideres, Jakarta Barat, Daerah Khusus Ibukota Jakarta, Jawa, Indonesia"
Nusa Indah,KOTA ADM. JAKARTA BARAT,Kalideres,Pegadungan,-6.1339168,106.7019941,"LOW - kelurahan centroid only, not the actual park","Pegadungan, Kalideres, Jakarta Barat, Daerah Khusus Ibukota Jakarta, Jawa, 11830, Indonesia"
Maya Asri 13,KOTA ADM. JAKARTA BARAT,Palmerah,Palmerah,-6.2017259,106.7903346,"LOW - kelurahan centroid only, not the actual park","Palmerah, Jakarta Barat, Daerah Khusus Ibukota Jakarta, Jawa, 11480, Indonesia"
Jati Pulo Akur,KOTA ADM. JAKARTA BARAT,Palmerah,Jati Pulo,-6.1777057,106.8036982,"LOW - kelurahan centroid only, not the actual park","Jati Pulo, Palmerah, Jakarta Barat, Daerah Khusus Ibukota Jakarta, Jawa, Indonesia"
Manggis,KOTA ADM. JAKARTA BARAT,Palmerah,Kemanggisan,-6.1941488,106.7943139,medium - name matched in result,"RPTRA Manggis, Kemanggisan, Palmerah, Jakarta Barat, Daerah Khusus Ibukota Jakarta, Jawa, Indonesia"
Bambu Kuning,KOTA ADM. JAKARTA BARAT,Palmerah,Kota Bambu Selatan,-6.1875027,106.8035245,"LOW - kelurahan centroid only, not the actual park","Kota Bambu Selatan, Palmerah, Jakarta Barat, Daerah Khusus Ibukota Jakarta, Jawa, Indonesia"
Kembangan,KOTA ADM. JAKARTA BARAT,Kembangan,Kembangan Utara,-6.1751932,106.7326938,medium - name matched in result,"RPTRA Kembangan Gajah Tunggal, Kembangan Utara, Kembangan, Jakarta Barat, Daerah Khusus Ibukota Jakarta, Jawa, Indonesia"
Kampung Baru,KOTA ADM. JAKARTA BARAT,Kembangan,Kembangan Utara,-6.1732667,106.7427257,"LOW - kelurahan centroid only, not the actual park","Kembangan Utara, Kembangan, Jakarta Barat, Daerah Khusus Ibukota Jakarta, Jawa, Indonesia"
Meruya Utara,KOTA ADM. JAKARTA BARAT,Kembangan,Meruya Utara,-6.2010334,106.7369361,medium - name matched in result,"RPTRA Meruya Utara, Meruya Utara, Kembangan, Jakarta Barat, Daerah Khusus Ibukota Jakarta, Jawa, Indonesia"
Nusa Indah,KOTA ADM. JAKARTA BARAT,Kembangan,Meruya Utara,-6.1958612,106.7425050,"LOW - kelurahan centroid only, not the actual park","Meruya Utara, Kembangan, Jakarta Barat, Daerah Khusus Ibukota Jakarta, Jawa, Indonesia"
Kecapi 72,KOTA ADM. JAKARTA BARAT,Kembangan,Meruya Utara,-6.1958612,106.7425050,"LOW - kelurahan centroid only, not the actual park","Meruya Utara, Kembangan, Jakarta Barat, Daerah Khusus Ibukota Jakarta, Jawa, Indonesia"
Meruya Selatan,KOTA ADM. JAKARTA BARAT,Kembangan,Meruya Selatan,-6.2116284,106.7259835,medium - name matched in result,"RPTRA Meruya Selatan, Meruya Selatan, Kembangan, Jakarta Barat, Daerah Khusus Ibukota Jakarta, Jawa, Indonesia"
Mahkota,KOTA ADM. JAKARTA BARAT,Kembangan,Meruya Selatan,-6.2137521,106.7237766,medium - name matched in result,"RPTRA Mahkota, Meruya Selatan, Kembangan, Jakarta Barat, Daerah Khusus Ibukota Jakarta, Jawa, Indonesia"
Menara,KOTA ADM. JAKARTA BARAT,Kembangan,Meruya Selatan,-6.2101635,106.7329989,"LOW - kelurahan centroid only, not the actual park","Meruya Selatan, Kembangan, Jakarta Barat, Daerah Khusus Ibukota Jakarta, Jawa, Indonesia"
Manuver,KOTA ADM. JAKARTA BARAT,Kembangan,Meruya Selatan,-6.2101635,106.7329989,"LOW - kelurahan centroid only, not the actual park","Meruya Selatan, Kembangan, Jakarta Barat, Daerah Khusus Ibukota Jakarta, Jawa, Indonesia"
Manunggal,KOTA ADM. JAKARTA BARAT,Kembangan,Meruya Selatan,-6.2101635,106.7329989,"LOW - kelurahan centroid only, not the actual park","Meruya Selatan, Kembangan, Jakarta Barat, Daerah Khusus Ibukota Jakarta, Jawa, Indonesia"
Edelweiss Pqt,KOTA ADM. JAKARTA BARAT,Kembangan,Srengseng,-6.2064995,106.7541059,"LOW - kelurahan centroid only, not the actual park","Srengseng, Kembangan, Jakarta Barat, Daerah Khusus Ibukota Jakarta, Jawa, 11630, Indonesia"
Joglo,KOTA ADM. JAKARTA BARAT,Kembangan,Joglo,-6.2225083,106.7349649,medium - name matched in result,"RPTRA Joglo, Joglo, Kembangan, Jakarta Barat, Daerah Khusus Ibukota Jakarta, Jawa, Indonesia"
Ria Damkar Joglo 2,KOTA ADM. JAKARTA BARAT,Kembangan,Joglo,-6.2197819,106.7379350,"LOW - kelurahan centroid only, not the actual park","Joglo, Kembangan, Jakarta Barat, Daerah Khusus Ibukota Jakarta, Jawa, 11640, Indonesia"
Kembangan Selatan,KOTA ADM. JAKARTA BARAT,Kembangan,Kembangan Selatan,-6.1843498,106.7522871,medium - name matched in result,"RPTRA Puri Kembangan Selatan, Kembangan Selatan, Kembangan, Jakarta Barat, Daerah Khusus Ibukota Jakarta, Jawa, Indonesia"
Ceria,KOTA ADM. JAKARTA BARAT,Cengkareng,Cengkareng Barat,-6.1398647,106.7238102,"LOW - kelurahan centroid only, not the actual park","Cengkareng Barat, Cengkareng, Jakarta Barat, Daerah Khusus Ibukota Jakarta, Jawa, Indonesia"
Utama,KOTA ADM. JAKARTA BARAT,Cengkareng,Cengkareng Barat,-6.1500653,106.7225520,medium - name matched in result,"RPTRA Utama, Cengkareng Barat, Cengkareng, Jakarta Barat, Daerah Khusus Ibukota Jakarta, Jawa, 11730, Indonesia"
Sehati,KOTA ADM. JAKARTA BARAT,Cengkareng,Cengkareng Barat,-6.1485274,106.7203215,medium - name matched in result,"RPTRA Sehati, Cengkareng Barat, Cengkareng, Jakarta Barat, Daerah Khusus Ibukota Jakarta, Jawa, Indonesia"
Serasi,KOTA ADM. JAKARTA BARAT,Cengkareng,Cengkareng Barat,-6.1398647,106.7238102,"LOW - kelurahan centroid only, not the actual park","Cengkareng Barat, Cengkareng, Jakarta Barat, Daerah Khusus Ibukota Jakarta, Jawa, Indonesia"
Duri Kosambi,KOTA ADM. JAKARTA BARAT,Cengkareng,Duri Kosambi,-6.1679698,106.7156410,medium - name matched in result,"RPTRA Mawar Duri Kosambi, Duri Kosambi, Cengkareng, Jakarta Barat, Daerah Khusus Ibukota Jakarta, Jawa, Indonesia"
Mawar (105),KOTA ADM. JAKARTA BARAT,Cengkareng,Duri Kosambi,-6.1704014,106.7201486,"LOW - kelurahan centroid only, not the actual park","Duri Kosambi, Cengkareng, Jakarta Barat, Daerah Khusus Ibukota Jakarta, Jawa, Indonesia"
Intiland Teduh Rawa Buaya,KOTA ADM. JAKARTA BARAT,Cengkareng,Rawa Buaya,-6.1695108,106.7344945,medium - name matched in result,"RPTRA Intiland Teduh Rawa Buaya, Rawa Buaya, Cengkareng, Jakarta Barat, Daerah Khusus Ibukota Jakarta, Jawa, Indonesia"
Cempaka,KOTA ADM. JAKARTA BARAT,Cengkareng,Rawa Buaya,-6.1614173,106.7446647,medium - name matched in result,"RPTRA Cempaka, 2, Gang Haji Mugeni, RW 12, Rawa Buaya, Cengkareng, Jakarta Barat, Daerah Khusus Ibukota Jakarta, Jawa, 11740, Indonesia"
Sugriwa,KOTA ADM. JAKARTA BARAT,Cengkareng,Rawa Buaya,-6.1678969,106.7386890,medium - name matched in result,"RPTRA Sugriwa, Rawa Buaya, Cengkareng, Jakarta Barat, Daerah Khusus Ibukota Jakarta, Jawa, Indonesia"
Carina Sayang,KOTA ADM. JAKARTA BARAT,Cengkareng,Rawa Buaya,-6.1627437,106.7227543,"LOW - kelurahan centroid only, not the actual park","Rawa Buaya, Jalan Dharma Karya, RW 11, Duri Kosambi, Cengkareng, Jakarta Barat, Daerah Khusus Ibukota Jakarta, Jawa, 11850, Indonesia"
Cabe Rawit,KOTA ADM. JAKARTA BARAT,Cengkareng,Rawa Buaya,-6.1619291,106.7418119,medium - name matched in result,"RPTRA Cabe Rawit, Jalan Cabe Rawit, RW 06, Rawa Buaya, Cengkareng, Jakarta Barat, Daerah Khusus Ibukota Jakarta, Jawa, 11740, Indonesia"
Tawang Mangu Indah,KOTA ADM. JAKARTA BARAT,Cengkareng,Kedaung Kaliangke,-6.1435890,106.7508683,"LOW - kelurahan centroid only, not the actual park","SD Negeri Kedaung Kaliangke 14 Pagi, Jalan Mustika, RW 07, Kedaung Kali Angke, Cengkareng, Jakarta Barat, Daerah Khusus Ibukota Jakarta, Jawa, 11720, Indonesia"
Krendang,KOTA ADM. JAKARTA BARAT,Cengkareng,Krendang,,,FAILED,
Melati Indah,KOTA ADM. JAKARTA BARAT,Cengkareng,Kapuk,-6.1492351,106.7456368,medium - name matched in result,"RPTRA Melati Indah, Kapuk, Cengkareng, Jakarta Barat, Daerah Khusus Ibukota Jakarta, Jawa, Indonesia"
Taman Pedongkelan,KOTA ADM. JAKARTA BARAT,Cengkareng,Kapuk,-6.1391425,106.7522077,"LOW - kelurahan centroid only, not the actual park","Kapuk, Cengkareng, Jakarta Barat, Daerah Khusus Ibukota Jakarta, Jawa, 11720, Indonesia"
Cengkareng Timur Berseri,KOTA ADM. JAKARTA BARAT,Cengkareng,Cengkareng Timur,-6.1238809,106.7309291,"LOW - name not found in matched address, verify manually","RPTRA Berseri Cengkareng Timur, Cengkareng Timur, Cengkareng, Jakarta Barat, Daerah Khusus Ibukota Jakarta, Jawa, Indonesia"
Puspa Indah,KOTA ADM. JAKARTA BARAT,Cengkareng,Cengkareng Timur,-6.1409572,106.7353678,"LOW - kelurahan centroid only, not the actual park","Cengkareng Timur, Cengkareng, Jakarta Barat, Daerah Khusus Ibukota Jakarta, Jawa, Indonesia"
Rambutan,KOTA ADM. JAKARTA BARAT,Grogol Petamburan,Tanjung Duren Utara,-6.1752747,106.7818107,medium - name matched in result,"RPTRA Rambutan, Tanjung Duren Utara, Grogol Petamburan, Jakarta Barat, Daerah Khusus Ibukota Jakarta, Jawa, Indonesia"
Taman Apel,KOTA ADM. JAKARTA BARAT,Grogol Petamburan,Tanjung Duren Utara,-6.1717858,106.7842172,medium - name matched in result,"RPTRA Taman Apel, Tanjung Duren Utara, Grogol Petamburan, Jakarta Barat, Daerah Khusus Ibukota Jakarta, Jawa, 11470, Indonesia"
Mandala,KOTA ADM. JAKARTA BARAT,Grogol Petamburan,Tomang,-6.1716384,106.7968992,"LOW - kelurahan centroid only, not the actual park","Tomang, Grogol Petamburan, Jakarta Barat, Daerah Khusus Ibukota Jakarta, Jawa, 11440, Indonesia"
Satria Jelambar,KOTA ADM. JAKARTA BARAT,Grogol Petamburan,Jelambar,-6.1593443,106.7861493,"LOW - kelurahan centroid only, not the actual park","Jelambar, Grogol Petamburan, Jakarta Barat, Daerah Khusus Ibukota Jakarta, Jawa, Indonesia"
Amanah Bunda,KOTA ADM. JAKARTA BARAT,Grogol Petamburan,Tanjung Duren Selatan,-6.1795103,106.7886838,"LOW - kelurahan centroid only, not the actual park","Tanjung Duren Selatan, Grogol Petamburan, Jakarta Barat, Daerah Khusus Ibukota Jakarta, Jawa, Indonesia"
Duta Mas,KOTA ADM. JAKARTA BARAT,Grogol Petamburan,Jelambar Baru,-6.1475873,106.7815404,medium - name matched in result,"RPTRA Duta Mas, Jelambar Baru, Grogol Petamburan, Jakarta Barat, Daerah Khusus Ibukota Jakarta, Jawa, Indonesia"
Wijaya Kusuma,KOTA ADM. JAKARTA BARAT,Grogol Petamburan,Wijaya Kusuma,-6.1543853,106.7758370,"LOW - kelurahan centroid only, not the actual park","Wijaya Kusuma, Grogol Petamburan, Jakarta Barat, Daerah Khusus Ibukota Jakarta, Jawa, 11460, Indonesia"
Teratai,KOTA ADM. JAKARTA SELATAN,Tebet,Tebet Timur,-6.2352786,106.8531871,medium - name matched in result,"RPTRA Teratai, Tebet Timur, Tebet, Jakarta Selatan, Daerah Khusus Ibukota Jakarta, Jawa, Indonesia"
Taman Mandala,KOTA ADM. JAKARTA SELATAN,Tebet,Tebet Timur,-6.2328614,106.8549546,"LOW - kelurahan centroid only, not the actual park","Tebet Timur, Tebet, Jakarta Selatan, Daerah Khusus Ibukota Jakarta, Jawa, 12820, Indonesia"
Akasia,KOTA ADM. JAKARTA SELATAN,Tebet,Tebet Barat,-6.2330776,106.8509974,medium - name matched in result,"RPTRA Akasia, Tebet Barat, Tebet, Jakarta Selatan, Daerah Khusus Ibukota Jakarta, Jawa, Indonesia"
Rasamala,KOTA ADM. JAKARTA SELATAN,Tebet,Menteng Dalam,-6.2338072,106.8367068,medium - name matched in result,"RPTRA Rasamala Alam Sutera, Menteng Dalam, Tebet, Jakarta Selatan, Daerah Khusus Ibukota Jakarta, Jawa, Indonesia"
Flamboyan,KOTA ADM. JAKARTA SELATAN,Tebet,Menteng Dalam,-6.2283150,106.8402717,medium - name matched in result,"RPTRA Flamboyan, Menteng Dalam, Tebet, Jakarta Selatan, Daerah Khusus Ibukota Jakarta, Jawa, Indonesia"
Pesona Manggarai,KOTA ADM. JAKARTA SELATAN,Tebet,Manggarai,-6.2131051,106.8528469,medium - name matched in result,"Sbr. RPTRA Pesona Manggarai, Jalan Manggarai Utara I, RW 01, Manggarai, Tebet, Jakarta Selatan, Daerah Khusus Ibukota Jakarta, Jawa, 12850, Indonesia"
Saharjo Mentas,KOTA ADM. JAKARTA SELATAN,Setiabudi,Menteng Atas,-6.2191967,106.8451763,medium - name matched in result,"RPTRA Saharjo Mentas, Menteng Atas, Setiabudi, Jakarta Selatan, Daerah Khusus Ibukota Jakarta, Jawa, Indonesia"
Taman Batu,KOTA ADM. JAKARTA SELATAN,Setiabudi,Menteng Atas,-6.2176580,106.8405069,"LOW - kelurahan centroid only, not the actual park","Menteng Atas, Setiabudi, Jakarta Selatan, Daerah Khusus Ibukota Jakarta, Jawa, 12960, Indonesia"
Kebon Sawo,KOTA ADM. JAKARTA SELATAN,Setiabudi,Menteng Atas,-6.2176580,106.8405069,"LOW - kelurahan centroid only, not the actual park","Menteng Atas, Setiabudi, Jakarta Selatan, Daerah Khusus Ibukota Jakarta, Jawa, 12960, Indonesia"
Ramah Lingkungan,KOTA ADM. JAKARTA SELATAN,Mampang Prapatan,Mampang Prapatan,-6.2426756,106.8286635,"LOW - kelurahan centroid only, not the actual park","Mampang Prapatan, Jakarta Selatan, Daerah Khusus Ibukota Jakarta, Jawa, Indonesia"
Belimbing,KOTA ADM. JAKARTA SELATAN,Pasar Minggu,Pasar Minggu,-6.2826199,106.8408888,medium - name matched in result,"RPTRA Belimbing, Pasar Minggu, Jakarta Selatan, Daerah Khusus Ibukota Jakarta, Jawa, Indonesia"
Seruni,KOTA ADM. JAKARTA SELATAN,Pasar Minggu,Jati Padang,-6.2893123,106.8314320,medium - name matched in result,"RPTRA Seruni Saibun, Jati Padang, Pasar Minggu, Jakarta Selatan, Daerah Khusus Ibukota Jakarta, Jawa, Indonesia"
Asoka,KOTA ADM. JAKARTA SELATAN,Pasar Minggu,Jati Padang,-6.2872405,106.8305449,"LOW - kelurahan centroid only, not the actual park","Jati Padang, Pasar Minggu, Jakarta Selatan, Daerah Khusus Ibukota Jakarta, Jawa, 12540, Indonesia"
KKO,KOTA ADM. JAKARTA SELATAN,Pasar Minggu,Cilandak Timur,-6.2894658,106.8124767,"LOW - kelurahan centroid only, not the actual park","Cilandak Timur, Pasar Minggu, Jakarta Selatan, Daerah Khusus Ibukota Jakarta, Jawa, 12560, Indonesia"
Kemuning,KOTA ADM. JAKARTA SELATAN,Pasar Minggu,Pejaten Timur,-6.2800644,106.8457194,medium - name matched in result,"RPTRA Kemuning, Pejaten Timur, Pasar Minggu, Jakarta Selatan, Daerah Khusus Ibukota Jakarta, Jawa, Indonesia"
Malinjo,KOTA ADM. JAKARTA SELATAN,Pasar Minggu,Pejaten Barat,-6.2790203,106.8361046,medium - name matched in result,"RPTRA Malinjo, Pejaten Barat, Pasar Minggu, Jakarta Selatan, Daerah Khusus Ibukota Jakarta, Jawa, Indonesia"
Kayumas,KOTA ADM. JAKARTA TIMUR,Pulo Gadung,Pulo Gadung,-6.1825476,106.9016345,"LOW - kelurahan centroid only, not the actual park","Pulo Gadung, Jakarta Timur, Daerah Khusus Ibukota Jakarta, Jawa, 13260, Indonesia"
Jaka Teratai,KOTA ADM. JAKARTA TIMUR,Pulo Gadung,Jatinegara Kaum,-6.2011300,106.9027609,"LOW - kelurahan centroid only, not the actual park","Jatinegara Kaum, Pulo Gadung, Jakarta Timur, Daerah Khusus Ibukota Jakarta, Jawa, Indonesia"
Jaka Berseri,KOTA ADM. JAKARTA TIMUR,Pulo Gadung,Jatinegara Kaum,-6.2011300,106.9027609,"LOW - kelurahan centroid only, not the actual park","Jatinegara Kaum, Pulo Gadung, Jakarta Timur, Daerah Khusus Ibukota Jakarta, Jawa, Indonesia"
Beringin Indah,KOTA ADM. JAKARTA TIMUR,Pulo Gadung,Rawamangun,-6.1980645,106.8816303,medium - name matched in result,"RPTRA Beringin Indah, Rawamangun, Pulo Gadung, Jakarta Timur, Daerah Khusus Ibukota Jakarta, Jawa, Indonesia"
Jati Bersinar,KOTA ADM. JAKARTA TIMUR,Pulo Gadung,Jati,-6.1920892,106.8979445,"LOW - kelurahan centroid only, not the actual park","Jati, Pulo Gadung, Jakarta Timur, Daerah Khusus Ibukota Jakarta, Jawa, 13250, Indonesia"
Permata Intan,KOTA ADM. JAKARTA TIMUR,Jatinegara,Bidara Cina,-6.2330194,106.8664693,"LOW - kelurahan centroid only, not the actual park","Bidara Cina, Jatinegara, Jakarta Timur, Daerah Khusus Ibukota Jakarta, Jawa, 13330, Indonesia"
Rusunami Beriman,KOTA ADM. JAKARTA TIMUR,Jatinegara,Bidara Cina,-6.2330194,106.8664693,"LOW - kelurahan centroid only, not the actual park","Bidara Cina, Jatinegara, Jakarta Timur, Daerah Khusus Ibukota Jakarta, Jawa, 13330, Indonesia"
Citra Permata,KOTA ADM. JAKARTA TIMUR,Jatinegara,Rawa Bunga,-6.2216399,106.8702976,medium - name matched in result,"RPTRA Citra Permata, Rawa Bunga, Jatinegara, Jakarta Timur, Daerah Khusus Ibukota Jakarta, Jawa, Indonesia"
Wangi Cempedak,KOTA ADM. JAKARTA TIMUR,Jatinegara,Cipinang Cempedak,-6.2411419,106.8740257,medium - name matched in result,"RPTRA Wangi Cempedak, Cipinang Cempedak, Jatinegara, Jakarta Timur, Daerah Khusus Ibukota Jakarta, Jawa, Indonesia"
CBS Bahagia,KOTA ADM. JAKARTA TIMUR,Jatinegara,Cipinang Besar Selatan,-6.2290933,106.8800948,"LOW - kelurahan centroid only, not the actual park","Cipinang Besar Selatan, Jatinegara, Jakarta Timur, Daerah Khusus Ibukota Jakarta, Jawa, 13410, Indonesia"
Cibesut,KOTA ADM. JAKARTA TIMUR,Jatinegara,Cipinang Besar Utara,-6.2179227,106.8806713,"LOW - kelurahan centroid only, not the actual park","Cipinang Besar Utara, Jatinegara, Jakarta Timur, Daerah Khusus Ibukota Jakarta, Jawa, Indonesia"
Mustika,KOTA ADM. JAKARTA TIMUR,Kramat Jati,Kramat Jati,-6.2782405,106.8720455,medium - name matched in result,"RPTRA Mustika Kelurahan Kramatjati, Kramat Jati, Jakarta Timur, Daerah Khusus Ibukota Jakarta, Jawa, Indonesia"
Dahlia,KOTA ADM. JAKARTA TIMUR,Kramat Jati,Tengah,-6.2849893,106.8660520,medium - name matched in result,"RPTRA Dahlia, Tengah, Kramat Jati, Jakarta Timur, Daerah Khusus Ibukota Jakarta, Jawa, Indonesia"
Udara Segar 126,KOTA ADM. JAKARTA TIMUR,Kramat Jati,Batu Ampar,-6.2827098,106.8636322,medium - name matched in result,"RPTRA Udara Segar 126, Batu Ampar, Kramat Jati, Jakarta Timur, Daerah Khusus Ibukota Jakarta, Jawa, Indonesia"
Muara Condet,KOTA ADM. JAKARTA TIMUR,Kramat Jati,Batu Ampar,-6.2773063,106.8582081,medium - name matched in result,"RPTRA Muara Condet, Batu Ampar, Kramat Jati, Jakarta Timur, Daerah Khusus Ibukota Jakarta, Jawa, Indonesia"
Cililitan,KOTA ADM. JAKARTA TIMUR,Kramat Jati,Cililitan,-6.2661278,106.8563799,medium - name matched in result,"RPTRA Cililitan, Cililitan, Kramat Jati, Jakarta Timur, Daerah Khusus Ibukota Jakarta, Jawa, Indonesia"
Gedong Trikora,KOTA ADM. JAKARTA TIMUR,Pasar Rebo,Gedong,-6.3010556,106.8662794,medium - name matched in result,"RPTRA Gedong Trikora, Gedong, Pasar Rebo, Jakarta Timur, Daerah Khusus Ibukota Jakarta, Jawa, Indonesia"
Kopi Gandaria,KOTA ADM. JAKARTA TIMUR,Pasar Rebo,Pekayon,-6.3482557,106.8612616,medium - name matched in result,"RPTRA Kopi Gandaria, Pekayon, Pasar Rebo, Jakarta Timur, Daerah Khusus Ibukota Jakarta, Jawa, Indonesia"
Kaca Piring,KOTA ADM. JAKARTA TIMUR,Pasar Rebo,Pekayon,-6.3408956,106.8626584,medium - name matched in result,"RPTRA Kaca Piring, Pekayon, Pasar Rebo, Jakarta Timur, Daerah Khusus Ibukota Jakarta, Jawa, Indonesia"
Jatinegara,KOTA ADM. JAKARTA TIMUR,Cakung,Jatinegara,-6.1981912,106.9235382,medium - name matched in result,"RPTRA Jatinegara, Jatinegara, Cakung, Jakarta Timur, Daerah Khusus Ibukota Jakarta, Jawa, Indonesia"
Penggilingan,KOTA ADM. JAKARTA TIMUR,Cakung,Penggilingan,-6.1947595,106.9403086,medium - name matched in result,"RPTRA Penggilingan, Penggilingan, Cakung, Jakarta Timur, Daerah Khusus Ibukota Jakarta, Jawa, Indonesia"
Citra Bangsa,KOTA ADM. JAKARTA TIMUR,Cakung,Penggilingan,-6.2050399,106.9358877,"LOW - kelurahan centroid only, not the actual park","Penggilingan, Cakung, Jakarta Timur, Daerah Khusus Ibukota Jakarta, Jawa, 13940, Indonesia"
Pulo Indah,KOTA ADM. JAKARTA TIMUR,Cakung,Penggilingan,-6.2050399,106.9358877,"LOW - kelurahan centroid only, not the actual park","Penggilingan, Cakung, Jakarta Timur, Daerah Khusus Ibukota Jakarta, Jawa, 13940, Indonesia"
Komarudin,KOTA ADM. JAKARTA TIMUR,Cakung,Penggilingan,-6.2050399,106.9358877,"LOW - kelurahan centroid only, not the actual park","Penggilingan, Cakung, Jakarta Timur, Daerah Khusus Ibukota Jakarta, Jawa, 13940, Indonesia"
Caktim Tersenyum,KOTA ADM. JAKARTA TIMUR,Cakung,Cakung Timur,-6.1728853,106.9567190,"LOW - kelurahan centroid only, not the actual park","Cakung Timur, Cakung, Jakarta Timur, Daerah Khusus Ibukota Jakarta, Jawa, 13910, Indonesia"
Pulo Gebang Indah,KOTA ADM. JAKARTA TIMUR,Cakung,Pulo Gebang,-6.2051221,106.9522403,"LOW - kelurahan centroid only, not the actual park","Pulo Gebang, Cakung, Jakarta Timur, Daerah Khusus Ibukota Jakarta, Jawa, Indonesia"
Pulo Gebang Permai,KOTA ADM. JAKARTA TIMUR,Cakung,Pulo Gebang,-6.1974843,106.9493633,medium - name matched in result,"RPTRA Pulo Gebang Permai, Pulo Gebang, Cakung, Jakarta Timur, Daerah Khusus Ibukota Jakarta, Jawa, Indonesia"
Cahaya Ujung Krawang,KOTA ADM. JAKARTA TIMUR,Cakung,Pulo Gebang,-6.1934768,106.9423426,medium - name matched in result,"RPTRA Cahaya Ujung Krawang, Pulo Gebang, Cakung, Jakarta Timur, Daerah Khusus Ibukota Jakarta, Jawa, Indonesia"
Damai Indah Rawabebek,KOTA ADM. JAKARTA TIMUR,Cakung,Pulo Gebang,-6.2051221,106.9522403,"LOW - kelurahan centroid only, not the actual park","Pulo Gebang, Cakung, Jakarta Timur, Daerah Khusus Ibukota Jakarta, Jawa, Indonesia"
Kenanga Berseri,KOTA ADM. JAKARTA TIMUR,Cakung,Ujung Menteng,-6.1796771,106.9630046,medium - name matched in result,"RPTRA Kenanga Berseri, Ujung Menteng, Cakung, Jakarta Timur, Daerah Khusus Ibukota Jakarta, Jawa, Indonesia"
Sangkuriang,KOTA ADM. JAKARTA TIMUR,Cakung,Ujung Menteng,-6.1834535,106.9648598,"LOW - kelurahan centroid only, not the actual park","Ujung Menteng, Cakung, Jakarta Timur, Daerah Khusus Ibukota Jakarta, Jawa, 13960, Indonesia"
Menteng Asri,KOTA ADM. JAKARTA TIMUR,Cakung,Ujung Menteng,-6.1834535,106.9648598,"LOW - kelurahan centroid only, not the actual park","Ujung Menteng, Cakung, Jakarta Timur, Daerah Khusus Ibukota Jakarta, Jawa, 13960, Indonesia"
Griya Tipar,KOTA ADM. JAKARTA TIMUR,Cakung,Cakung Barat,-6.1733690,106.9358048,"LOW - kelurahan centroid only, not the actual park","Cakung Barat, Cakung, Jakarta Timur, Daerah Khusus Ibukota Jakarta, Jawa, Indonesia"
Cempaka Sari,KOTA ADM. JAKARTA TIMUR,Cakung,Cakung Barat,-6.1733690,106.9358048,"LOW - kelurahan centroid only, not the actual park","Cakung Barat, Cakung, Jakarta Timur, Daerah Khusus Ibukota Jakarta, Jawa, Indonesia"
Albo Lestari,KOTA ADM. JAKARTA TIMUR,Cakung,Cakung Barat,-6.1733690,106.9358048,"LOW - kelurahan centroid only, not the actual park","Cakung Barat, Cakung, Jakarta Timur, Daerah Khusus Ibukota Jakarta, Jawa, Indonesia"
Pool Asri,KOTA ADM. JAKARTA TIMUR,Cakung,Cakung Barat,-6.1733690,106.9358048,"LOW - kelurahan centroid only, not the actual park","Cakung Barat, Cakung, Jakarta Timur, Daerah Khusus Ibukota Jakarta, Jawa, Indonesia"
Ratu Karensa Indah,KOTA ADM. JAKARTA TIMUR,Duren Sawit,Duren Sawit,-6.2359920,106.9166626,"LOW - kelurahan centroid only, not the actual park","Duren Sawit, Jakarta Timur, Daerah Khusus Ibukota Jakarta, Jawa, Indonesia"
Dursa Bersatu,KOTA ADM. JAKARTA TIMUR,Duren Sawit,Duren Sawit,-6.2359920,106.9166626,"LOW - kelurahan centroid only, not the actual park","Duren Sawit, Jakarta Timur, Daerah Khusus Ibukota Jakarta, Jawa, Indonesia"
Pondok Bambu Berseri,KOTA ADM. JAKARTA TIMUR,Duren Sawit,Pondok Bambu,-6.2353305,106.9014511,"LOW - kelurahan centroid only, not the actual park","Pondok Bambu, Duren Sawit, Jakarta Timur, Daerah Khusus Ibukota Jakarta, Jawa, 13430, Indonesia"
Ikapola,KOTA ADM. JAKARTA TIMUR,Duren Sawit,Pondok Kelapa,-6.2472203,106.9348763,medium - name matched in result,"RPTRA Ikapola, Pondok Kelapa, Duren Sawit, Jakarta Timur, Daerah Khusus Ibukota Jakarta, Jawa, Indonesia"
DKI Berseri,KOTA ADM. JAKARTA TIMUR,Duren Sawit,Pondok Kelapa,-6.2401411,106.9384562,medium - name matched in result,"RPTRA DKI Berseri, Pondok Kelapa, Duren Sawit, Jakarta Timur, Daerah Khusus Ibukota Jakarta, Jawa, Indonesia"
Pondok Kelapa Berseri,KOTA ADM. JAKARTA TIMUR,Duren Sawit,Pondok Kelapa,-6.2422972,106.9333134,"LOW - kelurahan centroid only, not the actual park","Pondok Kelapa, Duren Sawit, Jakarta Timur, Daerah Khusus Ibukota Jakarta, Jawa, Indonesia"
Malaka Sari,KOTA ADM. JAKARTA TIMUR,Duren Sawit,Malaka Sari,-6.2210425,106.9258534,medium - name matched in result,"RPTRA Malaka Sari, Malaka Sari, Duren Sawit, Jakarta Timur, Daerah Khusus Ibukota Jakarta, Jawa, Indonesia"
Bunga Rampai,KOTA ADM. JAKARTA TIMUR,Duren Sawit,Malaka Jaya,-6.2239730,106.9362377,"LOW - kelurahan centroid only, not the actual park","Malaka Jaya, Duren Sawit, Jakarta Timur, Daerah Khusus Ibukota Jakarta, Jawa, Indonesia"
Rawajaya,KOTA ADM. JAKARTA TIMUR,Duren Sawit,Pondok Kopi,-6.2176591,106.9401833,"LOW - kelurahan centroid only, not the actual park","Klender Baru, Jalan I Gusti Ngurah Rai, RW 04, Penggilingan, Cakung, Jakarta Timur, Daerah Khusus Ibukota Jakarta, Jawa, 10710, Indonesia"
Arabika,KOTA ADM. JAKARTA TIMUR,Duren Sawit,Pondok Kopi,-6.2294958,106.9455521,medium - name matched in result,"RPTRA Arabika, Pondok Kopi, Duren Sawit, Jakarta Timur, Daerah Khusus Ibukota Jakarta, Jawa, Indonesia"
Pesona,KOTA ADM. JAKARTA TIMUR,Duren Sawit,Pondok Kopi,-6.2176591,106.9401833,"LOW - kelurahan centroid only, not the actual park","Klender Baru, Jalan I Gusti Ngurah Rai, RW 04, Penggilingan, Cakung, Jakarta Timur, Daerah Khusus Ibukota Jakarta, Jawa, 10710, Indonesia"
Vlaboean,KOTA ADM. JAKARTA TIMUR,Duren Sawit,Klender,-6.2133188,106.8994133,"LOW - kelurahan centroid only, not the actual park","Klender, Jalan I Gusti Ngurah Rai, RW 02, Klender, Duren Sawit, Jakarta Timur, Daerah Khusus Ibukota Jakarta, Jawa, 13470, Indonesia"
Kampung Pulo Asri,KOTA ADM. JAKARTA TIMUR,Makasar,Pinang Ranti,-6.2780908,106.8841567,medium - name matched in result,"RPTRA Kampung Pulo Asri, Pinang Ranti, Makasar, Jakarta Timur, Daerah Khusus Ibukota Jakarta, Jawa, Indonesia"
Kebon Pala Berseri,KOTA ADM. JAKARTA TIMUR,Makasar,Kebon Pala,-6.2630123,106.8810313,medium - name matched in result,"RPTRA Kebon Pala Berseri, Kebon Pala, Makasar, Jakarta Timur, Daerah Khusus Ibukota Jakarta, Jawa, Indonesia"
Pilar Jati,KOTA ADM. JAKARTA TIMUR,Makasar,Cipinang Melayu,-6.2483449,106.9037747,"LOW - kelurahan centroid only, not the actual park","Cipinang Melayu, Makasar, Jakarta Timur, Daerah Khusus Ibukota Jakarta, Jawa, Indonesia"
Ciracas Prima,KOTA ADM. JAKARTA TIMUR,Ciracas,Ciracas,-6.3237693,106.8866433,"LOW - kelurahan centroid only, not the actual park","Ciracas, Jalan Tol Jakarta–Bogor–Ciawi, RW 06, Ciracas, Jakarta Timur, Daerah Khusus Ibukota Jakarta, Jawa, 13650, Indonesia"
Cibubur Berseri,KOTA ADM. JAKARTA TIMUR,Ciracas,Cibubur,-6.3551610,106.8807665,"LOW - kelurahan centroid only, not the actual park","Cibubur, Ciracas, Jakarta Timur, Daerah Khusus Ibukota Jakarta, Jawa, Indonesia"
Jaya Makmur,KOTA ADM. JAKARTA TIMUR,Ciracas,Kelapa Dua Wetan,-6.3391721,106.8831808,"LOW - kelurahan centroid only, not the actual park","Kelapa Dua Wetan, Ciracas, Jakarta Timur, Daerah Khusus Ibukota Jakarta, Jawa, 16340, Indonesia"
Dahlia KDW,KOTA ADM. JAKARTA TIMUR,Ciracas,Kelapa Dua Wetan,-6.3391721,106.8831808,"LOW - kelurahan centroid only, not the actual park","Kelapa Dua Wetan, Ciracas, Jakarta Timur, Daerah Khusus Ibukota Jakarta, Jawa, 16340, Indonesia"
Susukan Ceria,KOTA ADM. JAKARTA TIMUR,Ciracas,Susukan,-6.3122872,106.8674261,"LOW - kelurahan centroid only, not the actual park","Susukan, Ciracas, Jakarta Timur, Daerah Khusus Ibukota Jakarta, Jawa, Indonesia"
Tanah Merdeka,KOTA ADM. JAKARTA TIMUR,Ciracas,Rambutan,-6.3046995,106.8745605,"LOW - kelurahan centroid only, not the actual park","Rambutan, Ciracas, Jakarta Timur, Daerah Khusus Ibukota Jakarta, Jawa, 13830, Indonesia"
Payung Tunas Teratai,KOTA ADM. JAKARTA TIMUR,Cipayung,Cipayung,-6.3295450,106.8930244,"LOW - kelurahan centroid only, not the actual park","Cipayung, Jakarta Timur, Daerah Khusus Ibukota Jakarta, Jawa, Indonesia"
Tamplas Bambu,KOTA ADM. JAKARTA TIMUR,Cipayung,Cilangkap,-6.3335136,106.9092529,"LOW - kelurahan centroid only, not the actual park","Cilangkap, Cipayung, Jakarta Timur, Daerah Khusus Ibukota Jakarta, Jawa, 13870, Indonesia"
Garuda,KOTA ADM. JAKARTA TIMUR,Cipayung,Cilangkap,-6.3423767,106.9036866,medium - name matched in result,"RPTRA Garuda, Cilangkap, Cipayung, Jakarta Timur, Daerah Khusus Ibukota Jakarta, Jawa, Indonesia"
Ranggon Kusuma Baru,KOTA ADM. JAKARTA TIMUR,Cipayung,Pondok Ranggon,-6.3544342,106.9066357,"LOW - kelurahan centroid only, not the actual park","Pondok Ranggon, Cipayung, Jakarta Timur, Daerah Khusus Ibukota Jakarta, Jawa, 13860, Indonesia"
Tunas Bangsa Bisa,KOTA ADM. JAKARTA TIMUR,Cipayung,Pondok Ranggon,-6.3445967,106.9116417,medium - name matched in result,"RPTRA Tunas Bangsa Bisa, Pondok Ranggon, Cipayung, Jakarta Timur, Daerah Khusus Ibukota Jakarta, Jawa, Indonesia"
Gebang Sari,KOTA ADM. JAKARTA TIMUR,Cipayung,Bambu Apus,-6.3167644,106.9057921,medium - name matched in result,"RPTRA Gebang Sari, Bambu Apus, Cipayung, Jakarta Timur, Daerah Khusus Ibukota Jakarta, Jawa, Indonesia"
Bambu Petung,KOTA ADM. JAKARTA TIMUR,Cipayung,Bambu Apus,-6.3131056,106.9009726,"LOW - kelurahan centroid only, not the actual park","Bambu Apus, Cipayung, Jakarta Timur, Daerah Khusus Ibukota Jakarta, Jawa, 13890, Indonesia"
Mutiara Rawa Binong,KOTA ADM. JAKARTA TIMUR,Cipayung,Lubang Buaya,-6.2981450,106.9045192,medium - name matched in result,"RPTRA Mutiara Rawa Binong, Lubang Buaya, Cipayung, Jakarta Timur, Daerah Khusus Ibukota Jakarta, Jawa, Indonesia"
Tanjung Elang Berseri,KAB. ADM. KEP. SERIBU,Kepulauan Seribu Utara,Pulau Panggang,-5.7471173,106.6121187,medium - name matched in result,"RPTRA Tanjung Elang Berseri, Pulau Panggang, Kepulauan Seribu Utara, Kepulauan Seribu, Daerah Khusus Ibukota Jakarta, Jawa, Indonesia"
Tanjong Timor,KAB. ADM. KEP. SERIBU,Kepulauan Seribu Utara,Pulau Panggang,-5.7414264,106.6032966,medium - name matched in result,"RPTRA Tanjong Timor, Pulau Panggang, Kepulauan Seribu Utara, Kepulauan Seribu, Daerah Khusus Ibukota Jakarta, Jawa, Indonesia"
Nyiur Melambai,KAB. ADM. KEP. SERIBU,Kepulauan Seribu Utara,Pulau Kelapa,-5.6537082,106.5694563,"LOW - kelurahan centroid only, not the actual park","Pulau Kelapa, Kepulauan Seribu Utara, Kepulauan Seribu, Daerah Khusus Ibukota Jakarta, Jawa, Indonesia"
Arung Palakka,KAB. ADM. KEP. SERIBU,Kepulauan Seribu Utara,Pulau Kelapa,-5.6537082,106.5694563,"LOW - kelurahan centroid only, not the actual park","Pulau Kelapa, Kepulauan Seribu Utara, Kepulauan Seribu, Daerah Khusus Ibukota Jakarta, Jawa, Indonesia"
Harapan Widya Bahari,KAB. ADM. KEP. SERIBU,Kepulauan Seribu Utara,Pulau Harapan,-5.6533066,106.5781284,"LOW - kelurahan centroid only, not the actual park","Pulau Harapan, Kepulauan Seribu Utara, Kepulauan Seribu, Daerah Khusus Ibukota Jakarta, Jawa, Indonesia"
Jaga Utara,KAB. ADM. KEP. SERIBU,Kepulauan Seribu Utara,Pulau Harapan,-5.6533066,106.5781284,"LOW - kelurahan centroid only, not the actual park","Pulau Harapan, Kepulauan Seribu Utara, Kepulauan Seribu, Daerah Khusus Ibukota Jakarta, Jawa, Indonesia"
Amiterdam,KAB. ADM. KEP. SERIBU,Kepulauan Seribu Selatan,Pulau Untung Jawa,-5.9796978,106.7078610,medium - name matched in result,"RPTRA Amiterdam, Pulau Untung Jawa, Kepulauan Seribu Selatan, Kepulauan Seribu, Daerah Khusus Ibukota Jakarta, Jawa, Indonesia"
Tidung Ceria,KAB. ADM. KEP. SERIBU,Kepulauan Seribu Selatan,Pulau Tidung,-5.7981252,106.4989506,"LOW - kelurahan centroid only, not the actual park","Pulau Tidung, Kepulauan Seribu Selatan, Kepulauan Seribu, Daerah Khusus Ibukota Jakarta, Jawa, 14520, Indonesia"
Klanceng Putih,KAB. ADM. KEP. SERIBU,Kepulauan Seribu Selatan,Pulau Pari,-5.8591134,106.6163519,"LOW - kelurahan centroid only, not the actual park","Pulau Pari, Kepulauan Seribu Selatan, Kepulauan Seribu, Daerah Khusus Ibukota Jakarta, Jawa, Indonesia"
Matahari,KOTA ADM. JAKARTA BARAT,Taman Sari,Maphar,-6.1558405,106.8197615,"LOW - kelurahan centroid only, not the actual park","Maphar, Taman Sari, Jakarta Barat, Daerah Khusus Ibukota Jakarta, Jawa, 11160, Indonesia"
Maya Asri 13,KOTA ADM. JAKARTA BARAT,Pal Merah,Palmerah,,,FAILED,
Jati Pulo Akur,KOTA ADM. JAKARTA BARAT,Pal Merah,Jatipulo,,,FAILED,
Manggis,KOTA ADM. JAKARTA BARAT,Pal Merah,Kemanggisan,,,FAILED,
Bambu Kuning,KOTA ADM. JAKARTA BARAT,Pal Merah,Kota Bambu Selatan,,,FAILED,
Tawang Mangu Indah,KOTA ADM. JAKARTA BARAT,Cengkareng,Kedaung Kali Angke,-6.1530918,106.7586004,"LOW - kelurahan centroid only, not the actual park","Kedaung Kali Angke, Cengkareng, Jakarta Barat, Daerah Khusus Ibukota Jakarta, Jawa, 11710, Indonesia"
Kayumas,KOTA ADM. JAKARTA TIMUR,Pulogadung,Pulo Gadung,-6.1825476,106.9016345,"LOW - kelurahan centroid only, not the actual park","Pulo Gadung, Jakarta Timur, Daerah Khusus Ibukota Jakarta, Jawa, 13260, Indonesia"
Jaka Teratai,KOTA ADM. JAKARTA TIMUR,Pulogadung,Jatinegara Kaum,-6.2011300,106.9027609,"LOW - kelurahan centroid only, not the actual park","Jatinegara Kaum, Pulo Gadung, Jakarta Timur, Daerah Khusus Ibukota Jakarta, Jawa, Indonesia"
Jaka Berseri,KOTA ADM. JAKARTA TIMUR,Pulogadung,Jatinegara Kaum,-6.2011300,106.9027609,"LOW - kelurahan centroid only, not the actual park","Jatinegara Kaum, Pulo Gadung, Jakarta Timur, Daerah Khusus Ibukota Jakarta, Jawa, Indonesia"
Beringin Indah,KOTA ADM. JAKARTA TIMUR,Pulogadung,Rawamangun,-6.1980645,106.8816303,medium - name matched in result,"RPTRA Beringin Indah, Rawamangun, Pulo Gadung, Jakarta Timur, Daerah Khusus Ibukota Jakarta, Jawa, Indonesia"
Jati Bersinar,KOTA ADM. JAKARTA TIMUR,Pulogadung,Jati,-6.1920892,106.8979445,"LOW - kelurahan centroid only, not the actual park","Jati, Pulo Gadung, Jakarta Timur, Daerah Khusus Ibukota Jakarta, Jawa, 13250, Indonesia"
Mustika,KOTA ADM. JAKARTA TIMUR,Kramatjati,Kramatjati,,,FAILED,
Dahlia,KOTA ADM. JAKARTA TIMUR,Kramatjati,Tengah,,,FAILED,
Udara Segar 126,KOTA ADM. JAKARTA TIMUR,Kramatjati,Batu Ampar,,,FAILED,
Muara Condet,KOTA ADM. JAKARTA TIMUR,Kramatjati,Batu Ampar,,,FAILED,
Cililitan,KOTA ADM. JAKARTA TIMUR,Kramatjati,Cililitan,,,FAILED,
Kampung Pulo Asri,KOTA ADM. JAKARTA TIMUR,Makasar,Pinangranti,,,FAILED,
