nama_tpu,wilayah,kecamatan,kelurahan,alamat,luas,unit_agama,jumlah_terisi,lat,lon,confidence,nominatim_match_type
TPU PEGADUNGAN,KOTA ADM. JAKARTA BARAT,KALIDERES,KALIDERES,"Jl. Benda Raya No.74, RT.7/RW.7, Prepedan, Kec. Kalideres, Kota Jakarta Barat, Daerah Khusus Ibukota Jakarta 11820, Indonesia",659430,ISLAM,0,,,FAILED,
TPU JERUK PURUT,KOTA ADM. JAKARTA SELATAN,PASAR MINGGU,CILANDAK TIMUR,"Jl. Madrasah No.14, RT.7/RW.6, Cilandak Tim., Kec. Ps. Minggu, Kota Jakarta Selatan, Daerah Khusus Ibukota Jakarta 12520",91786,ISLAM,21549,,,FAILED,
TPU TANJUNG BARAT,KOTA ADM. JAKARTA SELATAN,JAGAKARSA,TANJUNG BARAT,"Jalan Swadaya II No.Z No.10, RT.1/RW.5, Tanjung Barat, Jagakarsa, RT.1/RW.5, Tj. Bar., Kec. Jagakarsa, Kota Jakarta Selatan, Daerah Khusus Ibukota Jakarta 12530",29515,ISLAM,13009,,,FAILED,
TPU JAGAKARSA,KOTA ADM. JAKARTA SELATAN,JAGAKARSA,JAGAKARSA,"Blok Haji Asmun, Jl. Jagakarsa II Haji Asmun No.36, RT.1/RW.7, Jagakarsa, Kec. Jagakarsa, Kota Jakarta Selatan, Daerah Khusus Ibukota Jakarta 12620",7131,ISLAM,3544,,,FAILED,
TPU MENTENG PULO I (TEBET),KOTA ADM. JAKARTA SELATAN,TEBET,MENTENG DALEM,"Jalan Casablanca, RT.6/RW.12, Menteng Dalam, Tebet, RT.6/RW.12, Menteng Dalam, Kec. Tebet, Kota Jakarta Selatan, Daerah Khusus Ibukota Jakarta 12960",139433,ISLAM/ KRISTEN/ HINDU/ BHUDA,46166,,,FAILED,
TPU MENTENG PULO II (TEBET) dan TPU MENTENG PULO III (SETIABUDI),KOTA ADM. JAKARTA SELATAN,TEBET,MENTENG DALEM,"Jl. Casablanca, RT.10/RW.13, Menteng Dalam, Kec. Tebet, Kota Jakarta Selatan, Daerah Khusus Ibukota Jakarta 12870",157318,ISLAM/ KRISTEN/ HINDU/ BHUDA,23147,,,FAILED,
TPU CIDODOL (I dan II),KOTA ADM. JAKARTA SELATAN,KEBAYORAN LAMA,GROGOL SELATAN,"Grogol Sel., Kec. Kby. Lama, Kota Jakarta Selatan, Daerah Khusus Ibukota Jakarta 12220",20646,ISLAM,2300,,,FAILED,
TPU GROGOL SELATAN,KOTA ADM. JAKARTA SELATAN,KEBAYORAN LAMA,GROGOL SELATAN,"RT.10/RW.10, Grogol Sel., Kec. Kby. Lama, Kota Jakarta Selatan, Daerah Khusus Ibukota Jakarta 12220",7532,ISLAM,3754,,,FAILED,
TPU TANAH KUSIR (I dan II),KOTA ADM. JAKARTA SELATAN,KEBAYORAN LAMA,KEBAYORAN LAMA SELATAN,"Jalan Raya Bintaro, RT.2/RW.10, Kby. Lama Sel., Kec. Kby. Lama, Kota Jakarta Selatan, Daerah Khusus Ibukota Jakarta 12240",519858,ISLAM/ KRISTEN/ HINDU/ BHUDA,68572,,,FAILED,
TPU KAMPUNG KONGSI,KOTA ADM. JAKARTA SELATAN,PESANGGRAHAN,BINTARO,"Jl. Mawar III No.49, RT.1/RW.14, Bintaro, Kec. Pesanggrahan, Kota Jakarta Selatan, Daerah Khusus Ibukota Jakarta 12330",2720,ISLAM,672,,,FAILED,
TPU KAMPUNG KANDANG,KOTA ADM. JAKARTA SELATAN,JAGAKARSA,JAGAKARSA,"Jl. Moh. Kahfi 1 seberang Tpu.Kp.Kandang No.1f, RT.10/RW.6, Jagakarsa, Kec. Jagakarsa, Kota Jakarta Selatan, Daerah Khusus Ibukota Jakarta 12065",229416,ISLAM/ KRISTEN,22135,,,FAILED,
TPU SRENGSENG SAWAH,KOTA ADM. JAKARTA SELATAN,JAGAKARSA,SRENGSENG SAWAH,"Jl. Srengseng Sawah, RT.12/RW.7, Srengseng Sawah, Kec. Jagakarsa, Kota Jakarta Selatan, Daerah Khusus Ibukota Jakarta 12640",131609,ISLAM,17166,,,FAILED,
TPU KEBAGUSAN,KOTA ADM. JAKARTA SELATAN,PASAR MINGGU,KEBAGUSAN,"Jl. Kong Ali Gg. Ikhtiar, RT.2/RW.3, Kebagusan, Kec. Ps. Minggu, Kota Jakarta Selatan, Daerah Khusus Ibukota Jakarta 12520",8579,ISLAM,2621,,,FAILED,
TPU PISANGAN,KOTA ADM. JAKARTA SELATAN,PASAR MINGGU,RAGUNAN,"Jl. Harsono RM No.59, RT.10/RW.7, Ragunan, Kec. Ps. Minggu, Kota Jakarta Selatan, Daerah Khusus Ibukota Jakarta 12550",4985,ISLAM,1957,,,FAILED,
TPU PASAR MINGGU,KOTA ADM. JAKARTA SELATAN,PASAR MINGGU,RAGUNAN,"Jl. Raya Ragunan, RT.5/RW.2, Ragunan, Kec. Ps. Minggu, Kota Jakarta Selatan, Daerah Khusus Ibukota Jakarta 12520",23272,KRISTEN/ HINDU/ BHUDA,500,,,FAILED,
TPU PEJATEN TIMUR,KOTA ADM. JAKARTA SELATAN,PASAR MINGGU,PEJATEN TIMUR,"RT.7/RW.6, Pejaten Tim., Kec. Ps. Minggu, Kota Jakarta Selatan, Daerah Khusus Ibukota Jakarta 12510",2384,ISLAM,1458,,,FAILED,
TPU PEJATEN BARAT,KOTA ADM. JAKARTA SELATAN,PASAR MINGGU,JATI PADANG,"No., Jl. Jatipadang Utara No.93, RT.13/RW.2, Jati Padang, Kec. Ps. Minggu, Kota Jakarta Selatan, Daerah Khusus Ibukota Jakarta 12540",3954,ISLAM,2112,,,FAILED,
TPU CIKOKO,KOTA ADM. JAKARTA SELATAN,PANCORAN,CIKOKO,"RT.9/RW.2, Cikoko, Kec. Pancoran, Kota Jakarta Selatan, Daerah Khusus Ibukota Jakarta 12770",3618,ISLAM,1721,,,FAILED,
TPU PONDOK RANGGON,KOTA ADM. JAKARTA TIMUR,CIPAYUNG,PONDOK RANGGON,"Jl. Raya Tpu Pd. Ranggon, RT.7/RW.4, Pd. Ranggon, Kec. Cipayung, Kota Jakarta Timur, Daerah Khusus Ibukota Jakarta 13860",675032,ISLAM/ KRISTEN/ HINDU/ BHUDA,107616,,,FAILED,
TPU PONDOK KELAPA,KOTA ADM. JAKARTA TIMUR,DUREN SAWIT,PONDOK KOPI,"Jl. TPU Pd. Klp., RT.3/RW.4, Pd. Klp., Kec. Duren Sawit, Kota Jakarta Timur, Daerah Khusus Ibukota Jakarta 13450",443121,ISLAM/ KRISTEN/ HINDU/ BHUDA,36683,,,FAILED,
TPU MALAKA I (PONDOK KELAPA),KOTA ADM. JAKARTA TIMUR,DUREN SAWIT,PONDOK KOPI,"Jl. Rawadas No.110, RT.8/RW.3, Pd. Kopi, Kec. Duren Sawit, Kota Jakarta Timur, Daerah Khusus Ibukota Jakarta 13460",135560,ISLAM/ KRISTEN/ HINDU/ BHUDA,33772,,,FAILED,
TPU TANAH MERAH MALAKA II (PONDOK KELAPA),KOTA ADM. JAKARTA TIMUR,DUREN SAWIT,PONDOK KOPI,"RT.8/RW.2, Pd. Kopi, Kec. Duren Sawit, Kota Jakarta Timur, Daerah Khusus Ibukota Jakarta 13460",58761,ISLAM/ KRISTEN/ HINDU/ BHUDA,25429,,,FAILED,
TPU CIPINANG BESAR,KOTA ADM. JAKARTA TIMUR,JATINEGARA,CIPINANG BESAR SELATAN,"Jalan Kebon Nanas, RT.1/RW.5, Cipinang Besar Selatan, Jatinegara, RT.10/RW.2, Cipinang Besar Sel., Kecamatan Jatinegara, Kota Jakarta Timur, Daerah Khusus Ibukota Jakarta 13410",160190,ISLAM/ KRISTEN/ HINDU/ BHUDA,20975,,,FAILED,
TPU KARET BIVAK,KOTA ADM. JAKARTA PUSAT,TANAH ABANG,KARET TENGSIN,"Jl. Karet Pasar Baru Barat, Karet Tengsin, Tanahabang, Kota Jakarta Pusat, Daerah Khusus Ibukota Jakarta 10250",161861,ISLAM,66229,,,FAILED,
TPU KARET PASAR BARU BARAT,KOTA ADM. JAKARTA PUSAT,TANAH ABANG,KARET TENGSIN,"Jl. K.H. Mas Mansyur No.48, RT.1/RW.5, Karet Tengsin, Kecamatan Tanah Abang, Kota Jakarta Pusat, Daerah Khusus Ibukota Jakarta 10250",68892,ISLAM,33991,,,FAILED,
TPU KAWI-KAWI,KOTA ADM. JAKARTA PUSAT,JOHAR BARU,JOHAR BARU,"Jl. Percetakan Negara II Makam No.1, RT.9/RW.8, Johar Baru, Kec. Johar Baru, Kota Jakarta Pusat, Daerah Khusus Ibukota Jakarta 10560",49699,ISLAM,35398,,,FAILED,
TPU PETAMBURAN,KOTA ADM. JAKARTA PUSAT,TANAH ABANG,PETAMBURAN,"Jl. Ks. Tubun No.1, Petamburan, Tanah Abang, Kota Jakarta Pusat, Daerah Khusus Ibukota Jakarta 10260",99025,KRISTEN,14750,,,FAILED,
TPU SEMPER,KOTA ADM. JAKARTA UTARA,CILINCING,SEMPER TIMUR,"Jl. Cakung Cilincing Raya, RT.11/RW.6, Semper Tim., Kec. Cilincing, Kota Jkt Utara, Daerah Khusus Ibukota Jakarta 14130",575660,ISLAM/ KRISTEN/ HINDU/ BHUDA,131072,,,FAILED,
TPU JEMBATAN SAMPI,KOTA ADM. JAKARTA UTARA,CILINCING,CILINCING,"Jl. Cilincing Bakti No.IV, RT.6/RW.6, Cilincing, Kec. Cilincing, Kota Jkt Utara, Daerah Khusus Ibukota Jakarta 14120",7625,ISLAM,2981,,,FAILED,
TPU MALAKA I,KOTA ADM. JAKARTA UTARA,CILINCING,ROROTAN,"Jl. H. Bandan Kel Rotan, RT.14/RW.6, Rorotan, Kec. Cilincing, Kota Jkt Utara, Daerah Khusus Ibukota Jakarta 14140",9737,ISLAM,2994,,,FAILED,
TPU MALAKA IV,KOTA ADM. JAKARTA UTARA,CILINCING,ROROTAN,"Jl. Rorotan-Marunda 27-3, RT.9/RW.5, Rorotan, Kec. Cilincing, Kota Jkt Utara, Daerah Khusus Ibukota Jakarta 14140",4000,ISLAM,1318,,,FAILED,
TPU KAMPUNG MANGGA,KOTA ADM. JAKARTA UTARA,KOJA,TUGU UTARA,"Gg. H. Syariyah No.55, Tugu Utara, Kec. Koja, Kota Jkt Utara, Daerah Khusus Ibukota Jakarta 14260",4900,ISLAM,4546,,,FAILED,
TPU SUNGAI BAMBU,KOTA ADM. JAKARTA UTARA,TANJUNG PRIOK,PAPANGGO,"Jl. Papanggo III, RT.6/RW.3, Papanggo, Tj. Priok, Kota Jkt Utara, Daerah Khusus Ibukota Jakarta 14340",4898,ISLAM,3803,,,FAILED,
TPU TEGAL KUNIR,KOTA ADM. JAKARTA UTARA,KOJA,TUGU SELATAN,"RT.4/RW.4, Tugu Sel., Kec. Koja, Kota Jkt Utara, Daerah Khusus Ibukota Jakarta 14260",4120,ISLAM,2779,,,FAILED,
TPU PLUMPANG,KOTA ADM. JAKARTA UTARA,KOJA,RAWABADAK SELATAN,"Jl. Alur Laut Gg. k1 32, RT.9/RW.4, Rawabadak Sel., Kec. Koja, Kota Jkt Utara, Daerah Khusus Ibukota Jakarta 14230",3339,ISLAM,1075,,,FAILED,
TPU ROROTAN,KOTA ADM. JAKARTA UTARA,CILINCING,ROROTAN,"Jl. Rorotan IX, RT.3/RW.9, Rorotan, Kec. Cilincing, Kota Jkt Utara, Daerah Khusus Ibukota Jakarta 14140",178271,ISLAM/ KRISTEN/ HINDU/ BHUDA,8960,,,FAILED,
TPU TEGAL ALUR I (KRISTEN),KOTA ADM. JAKARTA BARAT,KALIDERES,TEGAL ALUR,"Jl. Benda Raya No.17, RT.8/RW.2, Tegal Alur, Kec. Kalideres, Kota Jakarta Barat, Daerah Khusus Ibukota Jakarta 11810",94810,KRISTEN,28672,,,FAILED,
TPU TEGAL ALUR II (ISLAM),KOTA ADM. JAKARTA BARAT,KALIDERES,TEGAL ALUR,"Jl. Pemakaman, RT.3/RW.9, Tegal Alur, Kec. Kalideres, Kota Jakarta Barat, Daerah Khusus Ibukota Jakarta 11820",550235,ISLAM,45138,,,FAILED,
TPU SUKABUMI SELATAN,KOTA ADM. JAKARTA BARAT,KEBON JERUK,SUKABUMI SELATAN,"Jl. Raya Sukabumi Selatan, RT.8/RW.6, Sukabumi Sel., Kec. Kb. Jeruk, Kota Jakarta Barat, Daerah Khusus Ibukota Jakarta 11560",10960,ISLAM,4275,,,FAILED,
TPU JOGLO,KOTA ADM. JAKARTA BARAT,KEMBANGAN,JOGLO,"Jl. Palem Raya, RT.8/RW.3, Joglo, Kec. Kembangan, Kota Jakarta Barat, Daerah Khusus Ibukota Jakarta 11640",65192,ISLAM/ KRISTEN,17550,,,FAILED,
TPU GROGOL KEMANGGISAN,KOTA ADM. JAKARTA BARAT,PALMERAH,PALMERAH,"Jl. Kemanggisan Pulo No.51, RT.1/RW.9, Palmerah, Kec. Palmerah, Kota Jakarta Barat, Daerah Khusus Ibukota Jakarta 11480",19138,ISLAM,15597,,,FAILED,
TPU RAWA KOPI,KOTA ADM. JAKARTA BARAT,KEBON JERUK,KEDOYA SELATAN,"Jl. Kedoya Raya No.25, RT.7/RW.3, Kedoya Sel., Kec. Kb. Jeruk, Kota Jakarta Barat, Daerah Khusus Ibukota Jakarta 11520",16645,ISLAM,10948,,,FAILED,
TPU KEPA DURI,KOTA ADM. JAKARTA BARAT,KEBON JERUK,DURI KEPA,"Jl. Villa Tomang Mas No.13, RT.3/RW.8, Duri Kepa, Kec. Kb. Jeruk, Kota Jakarta Barat, Daerah Khusus Ibukota Jakarta 11510",23140,ISLAM,11394,,,FAILED,
TPU BASMOL,KOTA ADM. JAKARTA BARAT,KEMBANGAN,KEMBANGAN UTARA,"Kembangan Utara, Kec. Kembangan, Kota Jakarta Barat, Daerah Khusus Ibukota Jakarta",10335,ISLAM,8552,,,FAILED,
TPU KAPUK KEBON JAHE (I dan II),KOTA ADM. JAKARTA BARAT,CENGKARENG,KAPUK,"Jl. Kapuk Darurat No.95, RT.3/RW.12, Kapuk, Kecamatan Cengkareng, Kota Jakarta Barat, Daerah Khusus Ibukota Jakarta 11720",12000,ISLAM,5201,,,FAILED,
TPU UTAN JATI,KOTA ADM. JAKARTA BARAT,KALIDERES,PEGADUNGAN,"Tpu Utan Jati, Jl. Utan Jati, RT.2/RW.11, Pegadungan, Kec. Kalideres, Kota Jakarta Barat, Daerah Khusus Ibukota Jakarta 11830",15860,ISLAM,8872,,,FAILED,
TPU SEMANAN,KOTA ADM. JAKARTA BARAT,KALIDERES,SEMANAN,"Jl. Raya Kramat Semanan No.77, RT.1/RW.10, Semanan, Kec. Kalideres, Kota Jakarta Barat, Daerah Khusus Ibukota Jakarta 11850",8240,ISLAM,5208,,,FAILED,
TPU JOGLO SWADHARMA,KOTA ADM. JAKARTA BARAT,KEMBANGAN,KEMBANGAN,Joglo RT 004 RW 006,6000,ISLAM,17550,-6.2197819,106.7379350,medium,administrative
TPU JERUK PURUT,KOTA ADM. JAKARTA SELATAN,PASAR MINGGU,CILANDAK TIMUR,"JL. MADRASAH NO.14, RT.7/RW.6, CILANDAK TIM., KEC. PS. MINGGU, KOTA JAKARTA SELATAN, DAERAH KHUSUS IBUKOTA JAKARTA 12520",91786,ISLAM,22550,,,FAILED,
TPU TANJUNG BARAT,KOTA ADM. JAKARTA SELATAN,JAGAKARSA,TANJUNG BARAT,"JALAN SWADAYA II NO.Z NO.10, RT.1/RW.5, TANJUNG BARAT, JAGAKARSA, RT.1/RW.5, TJ. BAR., KEC. JAGAKARSA, KOTA JAKARTA SELATAN, DAERAH KHUSUS IBUKOTA JAKARTA 12530",29515,ISLAM,13492,,,FAILED,
TPU JAGAKARSA,KOTA ADM. JAKARTA SELATAN,JAGAKARSA,JAGAKARSA,"BLOK HAJI ASMUN, JL. JAGAKARSA II HAJI ASMUN NO.36, RT.1/RW.7, JAGAKARSA, KEC. JAGAKARSA, KOTA JAKARTA SELATAN, DAERAH KHUSUS IBUKOTA JAKARTA 12620",7131,ISLAM,3686,,,FAILED,
TPU MENTENG PULO I,KOTA ADM. JAKARTA SELATAN,TEBET,MENTENG DALAM,"JL MENTENG PULO NO 9 RT .16/RW.05 MENTENG DALAM KECAMATAN TEBET KOTA JAKARTA SELATAN, DAERAH KHUSUS IBUKOTA JAKARTA 12960",113758,ISLAM/ KRISTEN/ HINDU/ BUDHA,48523,,,FAILED,
TPU MENTENG PULO II (TEBET) DAN TPU MENTENG PULO III (SETIABUDI),KOTA ADM. JAKARTA SELATAN,TEBET,MENTENG DALAM,"JL. CASABLANCA, RT.10/RW.13, MENTENG DALAM, KEC. TEBET, KOTA JAKARTA SELATAN, DAERAH KHUSUS IBUKOTA JAKARTA 12870",213080,ISLAM/ KRISTEN/ HINDU/ BUDHA,24746,,,FAILED,
TPU CIDODOL (I DAN II),KOTA ADM. JAKARTA SELATAN,KEBAYORAN LAMA,GROGOL SELATAN,"GROGOL SEL., KEC. KBY. LAMA, KOTA JAKARTA SELATAN, DAERAH KHUSUS IBUKOTA JAKARTA 12220",25009,ISLAM,2527,,,FAILED,
TPU GROGOL SELATAN,KOTA ADM. JAKARTA SELATAN,KEBAYORAN LAMA,GROGOL SELATAN,"RT.10/RW.10, GROGOL SEL., KEC. KBY. LAMA, KOTA JAKARTA SELATAN, DAERAH KHUSUS IBUKOTA JAKARTA 12220",7532,ISLAM,3928,,,FAILED,
TPU CIPINANG ASEM,KOTA ADM. JAKARTA TIMUR,MAKASAR,KEBON PALA,"JL. JENGKI, MALAKA, RT.1/RW.2, KB. PALA, KEC. MAKASAR, KOTA JAKARTA TIMUR, DAERAH KHUSUS IBUKOTA JAKARTA 11230",19024,ISLAM/ KRISTEN,11404,,,FAILED,
TPU KEBON PALA,KOTA ADM. JAKARTA TIMUR,MAKASAR,KEBON PALA,"JL. JENGKI NO.21, RT.1/RW.2, KB. PALA, KEC. MAKASAR, KOTA JAKARTA TIMUR, DAERAH KHUSUS IBUKOTA JAKARTA 13650",8197,ISLAM,5829,,,FAILED,
TPU KAMPUNG DUKUH,KOTA ADM. JAKARTA TIMUR,KRAMATJATI,DUKUH,"JL. PENGGILINGAN BARU NO.1, RT.11/RW.3, DUKUH, KEC. KRAMAT JATI, KOTA JAKARTA TIMUR, DAERAH KHUSUS IBUKOTA JAKARTA 13550",8063,ISLAM,5283,,,FAILED,
TPU KP. RAMBUTAN (I DAN II),KOTA ADM. JAKARTA TIMUR,CIRACAS,RAMBUTAN,"JL. MUTIARA ASGO NO.5, RT.11/RW.3, RAMBUTAN, KEC. CIRACAS, KOTA JAKARTA TIMUR, DAERAH KHUSUS IBUKOTA JAKARTA 13830",5175,ISLAM,4240,,,FAILED,
TPU CILANGKAP,KOTA ADM. JAKARTA TIMUR,DUREN SAWIT,MALAKA SARI,"JL. MALAKA II NO.3, RT.6/RW.6, MALAKA SARI, KEC. DUREN SAWIT, KOTA JAKARTA TIMUR, DAERAH KHUSUS IBUKOTA JAKARTA 13460",23600,ISLAM,4735,,,FAILED,
TPU SUSUKAN ISLAM,KOTA ADM. JAKARTA TIMUR,CIRACAS,SUSUKAN,"JL. SUCI NO.13, RT.7/RW.4, SUSUKAN, KEC. CIRACAS, KOTA JAKARTA TIMUR, DAERAH KHUSUS IBUKOTA JAKARTA 13750",13826,ISLAM,6577,,,FAILED,
TPU CIRACAS,KOTA ADM. JAKARTA TIMUR,CIRACAS,CIRACAS,"JL. RAYA CENTEX NO.6, RT.15/RW.3, CIRACAS, KEC. CIRACAS, KOTA JAKARTA TIMUR, DAERAH KHUSUS IBUKOTA JAKARTA 13740",9487,ISLAM,5354,,,FAILED,
TPU MUNJUL,KOTA ADM. JAKARTA TIMUR,CIPAYUNG,MUNJUL,"JL. MASJID AL-AKBAR NO.RT.02, RT.2/RW.1, MUNJUL, KEC. CIPAYUNG, KOTA JAKARTA TIMUR, DAERAH KHUSUS IBUKOTA JAKARTA 13850",9820,ISLAM,3832,,,FAILED,
TPU CIBUBUR (I DAN II),KOTA ADM. JAKARTA TIMUR,CIRACAS,CIBUBUR,"JL. PARKIT RAYA NO.120-127, RT.2/RW.3, CIBUBUR, KEC. CIRACAS, KOTA JAKARTA TIMUR, DAERAH KHUSUS IBUKOTA JAKARTA 13720",8695,ISLAM,4530,,,FAILED,
TPU SUSUKAN BUDHA,KOTA ADM. JAKARTA TIMUR,CIRACAS,RAMBUTAN,"JL. TANAH MERDEKA NO.32, RT.9/RW.5, RAMBUTAN, KEC. CIRACAS, KOTA JAKARTA TIMUR, DAERAH KHUSUS IBUKOTA JAKARTA 13830",18473,KRISTEN/ HINDU/ BUDHA,2832,,,FAILED,
TPU TANAH KUSIR (I DAN II),KOTA ADM. JAKARTA SELATAN,KEBAYORAN LAMA,KEBAYORAN LAMA SELATAN,"JALAN RAYA BINTARO, RT.2/RW.10, KBY. LAMA SEL., KEC. KBY. LAMA, KOTA JAKARTA SELATAN, DAERAH KHUSUS IBUKOTA JAKARTA 12240",531860,ISLAM/ KRISTEN/ HINDU/ BUDHA,72711,,,FAILED,
TPU KAMPUNG KONGSI,KOTA ADM. JAKARTA SELATAN,PESANGGRAHAN,BINTARO,"JL. MAWAR III NO.49, RT.1/RW.14, BINTARO, KEC. PESANGGRAHAN, KOTA JAKARTA SELATAN, DAERAH KHUSUS IBUKOTA JAKARTA 12330",2720,ISLAM,689,,,FAILED,
TPU KAMPUNG KANDANG,KOTA ADM. JAKARTA SELATAN,JAGAKARSA,JAGAKARSA,"JL. MOH. KAHFI 1 SEBERANG TPU.KP.KANDANG NO.1F, RT.10/RW.6, JAGAKARSA, KEC. JAGAKARSA, KOTA JAKARTA SELATAN, DAERAH KHUSUS IBUKOTA JAKARTA 12065",237404,ISLAM/ KRISTEN,24073,,,FAILED,
TPU SRENGSENG SAWAH,KOTA ADM. JAKARTA SELATAN,JAGAKARSA,SRENGSENG SAWAH,"JL. SRENGSENG SAWAH, RT.12/RW.7, SRENGSENG SAWAH, KEC. JAGAKARSA, KOTA JAKARTA SELATAN, DAERAH KHUSUS IBUKOTA JAKARTA 12640",149769,ISLAM,18232,,,FAILED,
TPU KEBAGUSAN,KOTA ADM. JAKARTA SELATAN,PASAR MINGGU,KEBAGUSAN,"JL. KONG ALI GG. IKHTIAR, RT.2/RW.3, KEBAGUSAN, KEC. PS. MINGGU, KOTA JAKARTA SELATAN, DAERAH KHUSUS IBUKOTA JAKARTA 12520",8579,ISLAM,2696,,,FAILED,
TPU PISANGAN,KOTA ADM. JAKARTA SELATAN,PASAR MINGGU,RAGUNAN,"JL. HARSONO RM NO.59, RT.10/RW.7, RAGUNAN, KEC. PS. MINGGU, KOTA JAKARTA SELATAN, DAERAH KHUSUS IBUKOTA JAKARTA 12550",4985,ISLAM,2020,,,FAILED,
TPU PASAR MINGGU,KOTA ADM. JAKARTA SELATAN,PASAR MINGGU,RAGUNAN,"JL. RAYA RAGUNAN, RT.5/RW.2, RAGUNAN, KEC. PS. MINGGU, KOTA JAKARTA SELATAN, DAERAH KHUSUS IBUKOTA JAKARTA 12520",23272,KRISTEN/ HINDU/ BUDHA,644,,,FAILED,
TPU PEJATEN TIMUR,KOTA ADM. JAKARTA SELATAN,PASAR MINGGU,PEJATEN TIMUR,"RT.7/RW.6, PEJATEN TIM., KEC. PS. MINGGU, KOTA JAKARTA SELATAN, DAERAH KHUSUS IBUKOTA JAKARTA 12510",2384,ISLAM,1500,,,FAILED,
TPU PEJATEN BARAT,KOTA ADM. JAKARTA SELATAN,PASAR MINGGU,JATI PADANG,"NO., JL. JATIPADANG UTARA NO.93, RT.13/RW.2, JATI PADANG, KEC. PS. MINGGU, KOTA JAKARTA SELATAN, DAERAH KHUSUS IBUKOTA JAKARTA 12540",3954,ISLAM,2209,,,FAILED,
TPU CIKOKO,KOTA ADM. JAKARTA SELATAN,PANCORAN,CIKOKO,"RT.9/RW.2, CIKOKO, KEC. PANCORAN, KOTA JAKARTA SELATAN, DAERAH KHUSUS IBUKOTA JAKARTA 12770",3618,ISLAM,1858,,,FAILED,
TPU PONDOK RANGGON,KOTA ADM. JAKARTA TIMUR,CIPAYUNG,PONDOK RANGGON,"JL. RAYA TPU PD. RANGGON, RT.7/RW.4, PD. RANGGON, KEC. CIPAYUNG, KOTA JAKARTA TIMUR, DAERAH KHUSUS IBUKOTA JAKARTA 13860",685242,ISLAM/ KRISTEN/ HINDU/ BUDHA,110086,,,FAILED,
TPU PONDOK KELAPA,KOTA ADM. JAKARTA TIMUR,DUREN SAWIT,PONDOK KOPI,"JL. TPU PD. KLP., RT.3/RW.4, PD. KLP., KEC. DUREN SAWIT, KOTA JAKARTA TIMUR, DAERAH KHUSUS IBUKOTA JAKARTA 13450",443121,ISLAM/ KRISTEN/ HINDU/ BUDHA,37485,,,FAILED,
TPU MALAKA I (PONDOK KELAPA),KOTA ADM. JAKARTA TIMUR,DUREN SAWIT,PONDOK KOPI,"JL. RAWADAS NO.110, RT.8/RW.3, PD. KOPI, KEC. DUREN SAWIT, KOTA JAKARTA TIMUR, DAERAH KHUSUS IBUKOTA JAKARTA 13460",9737,ISLAM/ KRISTEN/ HINDU/ BUDHA,34600,,,FAILED,
TPU TANAH MERAH MALAKA II (PONDOK KELAPA),KOTA ADM. JAKARTA TIMUR,DUREN SAWIT,PONDOK KOPI,"RT.8/RW.2, PD. KOPI, KEC. DUREN SAWIT, KOTA JAKARTA TIMUR, DAERAH KHUSUS IBUKOTA JAKARTA 13460",58761,ISLAM/ KRISTEN/ HINDU/ BUDHA,25749,,,FAILED,
TPU CIPINANG BESAR,KOTA ADM. JAKARTA TIMUR,JATINEGARA,CIPINANG BESAR SELATAN,"JALAN KEBON NANAS, RT.1/RW.5, CIPINANG BESAR SELATAN, JATINEGARA, RT.10/RW.2, CIPINANG BESAR SEL., KECAMATAN JATINEGARA, KOTA JAKARTA TIMUR, DAERAH KHUSUS IBUKOTA JAKARTA 13410",160190,ISLAM/ KRISTEN/ HINDU/ BUDHA,22501,,,FAILED,
TPU KOBER JATINEGARA,KOTA ADM. JAKARTA TIMUR,JATINEGARA,RAWA BUNGA,"JL. KOBER KECIL NO.3, RT.2/RW.8, RW. BUNGA, KECAMATAN JATINEGARA, KOTA JAKARTA TIMUR, DAERAH KHUSUS IBUKOTA JAKARTA 13350",71000,ISLAM,21192,,,FAILED,
TPU KP BAYUR,KOTA ADM. JAKARTA TIMUR,MAKASAR,CIPINANG MELAYU,"JAKARTA TIMUR, RT.9/RW.4, CIPINANG MELAYU, KEC. MAKASAR, KOTA JAKARTA TIMUR, DAERAH KHUSUS IBUKOTA JAKARTA 13620",2762,ISLAM,2550,,,FAILED,
TPU PRUMPUNG,KOTA ADM. JAKARTA TIMUR,JATINEGARA,CIPINANG BESAR UTARA,"JL. TPU PRUMPUNG, RT.3/RW.6, CIPINANG BESAR UTARA, KECAMATAN JATINEGARA, KOTA JAKARTA TIMUR, DAERAH KHUSUS IBUKOTA JAKARTA 13410",47012,ISLAM,20954,,,FAILED,
TPU PENGGILINGAN,KOTA ADM. JAKARTA TIMUR,PULOGADUNG,JATI,"JL. LAYUR NO.2, RT.20/RW.5, JATI, KEC. PULO GADUNG, KOTA JAKARTA TIMUR, DAERAH KHUSUS IBUKOTA JAKARTA 13220",50660,ISLAM,33636,,,FAILED,
TPU KP. PENGGILINGAN,KOTA ADM. JAKARTA TIMUR,CAKUNG,PENGGILINGAN,"JL. PENGGILINGAN, PENGGILINGAN, KLENDER, 13940, RT.6/RW.6, PENGGILINGAN, KEC. CAKUNG, KOTA JAKARTA TIMUR, DAERAH KHUSUS IBUKOTA JAKARTA 13940",7848,ISLAM,6823,,,FAILED,
TPU KP. KAPUK,KOTA ADM. JAKARTA TIMUR,DUREN SAWIT,KLENDER,"JL. KAPUK 2 NO.56, RT.9/RW.5, KLENDER, KEC. DUREN SAWIT, KOTA JAKARTA TIMUR, DAERAH KHUSUS IBUKOTA JAKARTA 13470",5405,ISLAM,1919,,,FAILED,
TPU UTAN KAYU,KOTA ADM. JAKARTA TIMUR,PULOGADUNG,RAWAMANGUN,"JL. R.MANGUN MUKA RAYA, RT.2/RW.14, RAWAMANGUN, KEC. PULO GADUNG, KOTA JAKARTA TIMUR, DAERAH KHUSUS IBUKOTA JAKARTA 13220",66229,ISLAM,53754,,,FAILED,
TPU CIPINANG BARU,KOTA ADM. JAKARTA TIMUR,PULOGADUNG,CIPINANG,"RW.2, RT.10/RW.2, CIPINANG, KEC. PULO GADUNG, KOTA JAKARTA TIMUR, DAERAH KHUSUS IBUKOTA JAKARTA 13240",1527,ISLAM,6211,,,FAILED,
TPU KP. BARU,KOTA ADM. JAKARTA TIMUR,CAKUNG,CAKUNG BARAT,"JL. TIPAR CAKUNG, RT.1/RW.8, CAKUNG BAR., KEC. CAKUNG, KOTA JAKARTA TIMUR, DAERAH KHUSUS IBUKOTA JAKARTA 13910",16960,ISLAM,6211,,,FAILED,
TPU KALISARI,KOTA ADM. JAKARTA TIMUR,PASAR REBO,KALISARI,"JALAN KALI SARI, RT.10/RW.11, KALISARI, KEC. PS. REBO, KOTA JAKARTA TIMUR, DAERAH KHUSUS IBUKOTA JAKARTA 13780",45931,ISLAM,8171,,,FAILED,
TPU CIJANTUNG,KOTA ADM. JAKARTA TIMUR,PASAR REBO,CIJANTUNG,"JL. LB. SARI NO.17, RT.6/RW.2, CIJANTUNG, KEC. PS. REBO, KOTA JAKARTA TIMUR, DAERAH KHUSUS IBUKOTA JAKARTA 13770",22421,ISLAM,7838,,,FAILED,
TPU KP. GEDONG,KOTA ADM. JAKARTA TIMUR,PASAR REBO,GEDONG,"JL. RAYA CONDET NO.26, RT.10/RW.5, GEDONG, KEC. PS. REBO, KOTA JAKARTA TIMUR, DAERAH KHUSUS IBUKOTA JAKARTA 13760",7339,ISLAM,3668,,,FAILED,
TPU BANTARJATI,KOTA ADM. JAKARTA TIMUR,CIPAYUNG,SETU,"JALAN BANTAR JATI, SETU, CIPAYUNG, RT.7/RW.2, SETU, JAKARTA TIMUR, KOTA JAKARTA TIMUR, DAERAH KHUSUS IBUKOTA JAKARTA 13880",18400,ISLAM,4539,,,FAILED,
TPU BAMBU APUS DAN TPU BAMBU WULUNG,KOTA ADM. JAKARTA TIMUR,CIPAYUNG,SETU,"JL. RAYA SETU NO.43, RT.9/RW.5, SETU, KEC. CIPAYUNG, KOTA JAKARTA TIMUR, DAERAH KHUSUS IBUKOTA JAKARTA 13880",68048,ISLAM,10757,,,FAILED,
TPU CEGER,KOTA ADM. JAKARTA TIMUR,CIPAYUNG,CEGER,"JL. PUSARA NO.82, RT.2/RW.5, CEGER, KEC. CIPAYUNG, KOTA JAKARTA TIMUR, DAERAH KHUSUS IBUKOTA JAKARTA 13820",8781,ISLAM,2451,,,FAILED,
TPU CIPAYUNG,KOTA ADM. JAKARTA TIMUR,CIPAYUNG,CIPAYUNG,"JL. CIPAYUNG RAYA NO.60, RT.8/RW.3, CIPAYUNG, KEC. CIPAYUNG, KOTA JAKARTA TIMUR, DAERAH KHUSUS IBUKOTA JAKARTA 13840",42573,ISLAM,5379,,,FAILED,
TPU KOBER JATINEGARA,KOTA ADM. JAKARTA TIMUR,JATINEGARA,RAWA BUNGA,"Jl. Kober Kecil No.3, RT.2/RW.8, Rw. Bunga, Kecamatan Jatinegara, Kota Jakarta Timur, Daerah Khusus Ibukota Jakarta 13350",60825.49,ISLAM,20447,,,FAILED,
TPU KP BAYUR,KOTA ADM. JAKARTA TIMUR,MAKASAR,CIPINANG MELAYU,"Jakarta Timur, RT.9/RW.4, Cipinang Melayu, Kec. Makasar, Kota Jakarta Timur, Daerah Khusus Ibukota Jakarta 13620",2762,ISLAM,2409,,,FAILED,
TPU PRUMPUNG,KOTA ADM. JAKARTA TIMUR,JATINEGARA,CIPINANG BESAR UTARA,"Jl. TPU Prumpung, RT.3/RW.6, Cipinang Besar Utara, Kecamatan Jatinegara, Kota Jakarta Timur, Daerah Khusus Ibukota Jakarta 13410",47012,ISLAM,19889,,,FAILED,
TPU PENGGILINGAN,KOTA ADM. JAKARTA TIMUR,PULO GADUNG,JATI,"Jl. Layur No.2, RT.20/RW.5, Jati, Kec. Pulo Gadung, Kota Jakarta Timur, Daerah Khusus Ibukota Jakarta 13220",55245,ISLAM,32529,,,FAILED,
TPU KP. PENGGILINGAN,KOTA ADM. JAKARTA TIMUR,CAKUNG,PENGGILINGAN,"JL. Penggilingan, Penggilingan, Klender, 13940, RT.6/RW.6, Penggilingan, Kec. Cakung, Kota Jakarta Timur, Daerah Khusus Ibukota Jakarta 13940",15696,ISLAM,6458,,,FAILED,
TPU KP. KAPUK,KOTA ADM. JAKARTA TIMUR,DUREN SAWIT,KLENDER,"Jl. Kapuk 2 No.56, RT.9/RW.5, Klender, Kec. Duren Sawit, Kota Jakarta Timur, Daerah Khusus Ibukota Jakarta 13470",10810,ISLAM,1816,,,FAILED,
TPU UTAN KAYU,KOTA ADM. JAKARTA TIMUR,PULO GADUNG,RAWAMANGUN,"Jl. R.Mangun Muka Raya, RT.2/RW.14, Rawamangun, Kec. Pulo Gadung, Kota Jakarta Timur, Daerah Khusus Ibukota Jakarta 13220",66229,ISLAM,51804,,,FAILED,
TPU CIPINANG BARU,KOTA ADM. JAKARTA TIMUR,PULO GADUNG,CIPINANG,"RW.2, RT.10/RW.2, Cipinang, Kec. Pulo Gadung, Kota Jakarta Timur, Daerah Khusus Ibukota Jakarta 13240",7328,ISLAM,5860,,,FAILED,
TPU KP. BARU,KOTA ADM. JAKARTA TIMUR,CAKUNG,CAKUNG BARAT,"Jl. Tipar Cakung, RT.1/RW.8, Cakung Bar., Kec. Cakung, Kota Jakarta Timur, Daerah Khusus Ibukota Jakarta 13910",16960,ISLAM,5860,,,FAILED,
TPU KALISARI,KOTA ADM. JAKARTA TIMUR,PASAR REBO,KALISARI,"Jalan Kali Sari, RT.10/RW.11, Kalisari, Kec. Ps. Rebo, Kota Jakarta Timur, Daerah Khusus Ibukota Jakarta 13780",45931,ISLAM,7848,,,FAILED,
TPU CIJANTUNG,KOTA ADM. JAKARTA TIMUR,PASAR REBO,CIJANTUNG,"Jl. Lb. Sari No.17, RT.6/RW.2, Cijantung, Kec. Ps. Rebo, Kota Jakarta Timur, Daerah Khusus Ibukota Jakarta 13770",16857,ISLAM,7647,,,FAILED,
TPU KP. GEDONG,KOTA ADM. JAKARTA TIMUR,PASAR REBO,GEDONG,"Jl. Raya Condet No.26, RT.10/RW.5, Gedong, Kec. Ps. Rebo, Kota Jakarta Timur, Daerah Khusus Ibukota Jakarta 13760",7339,ISLAM,3555,,,FAILED,
TPU BANTARJATI,KOTA ADM. JAKARTA TIMUR,CIPAYUNG,SETU,"Jalan Bantar Jati, Setu, Cipayung, RT.7/RW.2, Setu, Jakarta Timur, Kota Jakarta Timur, Daerah Khusus Ibukota Jakarta 13880",18400,ISLAM,4386,,,FAILED,
TPU BAMBU APUS dan TPU BAMBU WULUNG,KOTA ADM. JAKARTA TIMUR,CIPAYUNG,SETU,"Jl. Raya Setu No.43, RT.9/RW.5, Setu, Kec. Cipayung, Kota Jakarta Timur, Daerah Khusus Ibukota Jakarta 13880",60415,ISLAM,10110,,,FAILED,
TPU CEGER,KOTA ADM. JAKARTA TIMUR,CIPAYUNG,CEGER,"Jl. Pusara No.82, RT.2/RW.5, Ceger, Kec. Cipayung, Kota Jakarta Timur, Daerah Khusus Ibukota Jakarta 13820",5829,ISLAM,2294,,,FAILED,
TPU CIPAYUNG,KOTA ADM. JAKARTA TIMUR,CIPAYUNG,CIPAYUNG,"Jl. Cipayung Raya No.60, RT.8/RW.3, Cipayung, Kec. Cipayung, Kota Jakarta Timur, Daerah Khusus Ibukota Jakarta 13840",15315,ISLAM,5154,,,FAILED,
TPU CIPINANG ASEM,KOTA ADM. JAKARTA TIMUR,MAKASAR,KEBON PALA,"JL. Jengki, Malaka, RT.1/RW.2, Kb. Pala, Kec. Makasar, Kota Jakarta Timur, Daerah Khusus Ibukota Jakarta 11230",19024,ISLAM/ KRISTEN,11244,,,FAILED,
TPU KEBON PALA,KOTA ADM. JAKARTA TIMUR,MAKASAR,KEBON PALA,"No.,, Jl. Jengki No.21, RT.1/RW.2, Kb. Pala, Kec. Makasar, Kota Jakarta Timur, Daerah Khusus Ibukota Jakarta 13650",8197,ISLAM,5620,,,FAILED,
TPU KAMPUNG DUKUH,KOTA ADM. JAKARTA TIMUR,KRAMAT JATI,DUKUH,"Jl. Penggilingan Baru No.1, RT.11/RW.3, Dukuh, Kec. Kramat jati, Kota Jakarta Timur, Daerah Khusus Ibukota Jakarta 13550",6785,ISLAM,5122,,,FAILED,
TPU KP. RAMBUTAN (I dan II),KOTA ADM. JAKARTA TIMUR,CIRACAS,RAMBUTAN,"Jl. Mutiara Asgo No.5, RT.11/RW.3, Rambutan, Kec. Ciracas, Kota Jakarta Timur, Daerah Khusus Ibukota Jakarta 13830",16382,ISLAM,4140,,,FAILED,
TPU CILANGKAP,KOTA ADM. JAKARTA TIMUR,DUREN SAWIT,MALAKA SARI,"Jl. Malaka II No.3, RT.6/RW.6, Malaka Sari, Kec. Duren Sawit, Kota Jakarta Timur, Daerah Khusus Ibukota Jakarta 13460",18705,ISLAM,4437,,,FAILED,
TPU SUSUKAN ISLAM,KOTA ADM. JAKARTA TIMUR,CIRACAS,SUSUKAN,"Jl. Suci No.13, RT.7/RW.4, Susukan, Kec. Ciracas, Kota Jakarta Timur, Daerah Khusus Ibukota Jakarta 13750",13826,ISLAM,6197,,,FAILED,
TPU CIRACAS,KOTA ADM. JAKARTA TIMUR,CIRACAS,CIRACAS,"Jl. Raya Centex No.6, RT.15/RW.3, Ciracas, Kec. Ciracas, Kota Jakarta Timur, Daerah Khusus Ibukota Jakarta 13740",9487,ISLAM,5146,,,FAILED,
TPU MUNJUL,KOTA ADM. JAKARTA TIMUR,CIPAYUNG,MUNJUL,"Jl. Masjid Al-Akbar No.RT.02, RT.2/RW.1, Munjul, Kec. Cipayung, Kota Jakarta Timur, Daerah Khusus Ibukota Jakarta 13850",9820,ISLAM,3595,,,FAILED,
TPU CIBUBUR (I dan II),KOTA ADM. JAKARTA TIMUR,CIRACAS,CIBUBUR,"Jl. Parkit Raya No.120-127, RT.2/RW.3, Cibubur, Kec. Ciracas, Kota Jakarta Timur, Daerah Khusus Ibukota Jakarta 13720",8695,ISLAM,4340,,,FAILED,
TPU SUSUKAN BUDHA,KOTA ADM. JAKARTA TIMUR,CIRACAS,RAMBUTAN,"Jl. Tanah Merdeka No.32, RT.9/RW.5, Rambutan, Kec. Ciracas, Kota Jakarta Timur, Daerah Khusus Ibukota Jakarta 13830",18437,KRISTEN/ HINDU/ BHUDA,2595,,,FAILED,
TPU KARET BIVAK,KOTA ADM. JAKARTA PUSAT,TANAH ABANG,KARET TENGSIN,"JL. KARET PASAR BARU BARAT, KARET TENGSIN, TANAHABANG, KOTA JAKARTA PUSAT, DAERAH KHUSUS IBUKOTA JAKARTA 10250",161861,ISLAM,67929,,,FAILED,
TPU KARET PASAR BARU BARAT,KOTA ADM. JAKARTA PUSAT,TANAH ABANG,KARET TENGSIN,"JL. K.H. MAS MANSYUR NO.48, RT.1/RW.5, KARET TENGSIN, KECAMATAN TANAH ABANG, KOTA JAKARTA PUSAT, DAERAH KHUSUS IBUKOTA JAKARTA 10250",68892,ISLAM,35000,,,FAILED,
TPU KAWI-KAWI,KOTA ADM. JAKARTA PUSAT,JOHAR BARU,JOHAR BARU,"JL. PERCETAKAN NEGARA II MAKAM NO.1, RT.9/RW.8, JOHAR BARU, KEC. JOHAR BARU, KOTA JAKARTA PUSAT, DAERAH KHUSUS IBUKOTA JAKARTA 10560",49699,ISLAM,36447,,,FAILED,
TPU PETAMBURAN,KOTA ADM. JAKARTA PUSAT,TANAH ABANG,PETAMBURAN,"JL. KS. TUBUN NO.1, PETAMBURAN, TANAH ABANG, KOTA JAKARTA PUSAT, DAERAH KHUSUS IBUKOTA JAKARTA 10260",99025,KRISTEN,14981,,,FAILED,
TPU SEMPER,KOTA ADM. JAKARTA UTARA,CILINCING,SEMPER TIMUR,"JL. CAKUNG CILINCING RAYA, RT.11/RW.6, SEMPER TIM., KEC. CILINCING, KOTA JKT UTARA, DAERAH KHUSUS IBUKOTA JAKARTA 14130",588845,ISLAM/ KRISTEN/ HINDU/ BUDHA,135625,,,FAILED,
TPU JEMBATAN SAMPI,KOTA ADM. JAKARTA UTARA,CILINCING,CILINCING,"JL. CILINCING BAKTI NO.IV, RT.6/RW.6, CILINCING, KEC. CILINCING, KOTA JKT UTARA, DAERAH KHUSUS IBUKOTA JAKARTA 14120",8572,ISLAM,3227,,,FAILED,
TPU MALAKA I,KOTA ADM. JAKARTA UTARA,CILINCING,ROROTAN,"JL. H. BANDAN KEL ROTAN, RT.14/RW.6, ROROTAN, KEC. CILINCING, KOTA JKT UTARA, DAERAH KHUSUS IBUKOTA JAKARTA 14140",3156,ISLAM,34600,,,FAILED,
TPU MALAKA IV,KOTA ADM. JAKARTA UTARA,CILINCING,ROROTAN,"JL. ROROTAN-MARUNDA 27-3, RT.9/RW.5, ROROTAN, KEC. CILINCING, KOTA JKT UTARA, DAERAH KHUSUS IBUKOTA JAKARTA 14140",9737,ISLAM,1337,,,FAILED,
TPU KAMPUNG MANGGA,KOTA ADM. JAKARTA UTARA,KOJA,TUGU UTARA,"GG. H. SYARIYAH NO.55, TUGU UTARA, KEC. KOJA, KOTA JKT UTARA, DAERAH KHUSUS IBUKOTA JAKARTA 14260",4900,ISLAM,4675,,,FAILED,
TPU SUNGAI BAMBU,KOTA ADM. JAKARTA UTARA,TANJUNG PRIOK,PAPANGGO,"JL. PAPANGGO III, RT.6/RW.3, PAPANGGO, TJ. PRIOK, KOTA JKT UTARA, DAERAH KHUSUS IBUKOTA JAKARTA 14340",4898,ISLAM,4090,,,FAILED,
TPU TEGAL KUNIR,KOTA ADM. JAKARTA UTARA,KOJA,TUGU SELATAN,"RT.4/RW.4, TUGU SEL., KEC. KOJA, KOTA JKT UTARA, DAERAH KHUSUS IBUKOTA JAKARTA 14260",4120,ISLAM,3016,,,FAILED,
TPU PLUMPANG,KOTA ADM. JAKARTA UTARA,KOJA,RAWA BADAK SELATAN,"JL. ALUR LAUT GG. K1 32, RT.9/RW.4, RAWABADAK SEL., KEC. KOJA, KOTA JKT UTARA, DAERAH KHUSUS IBUKOTA JAKARTA 14230",1900,ISLAM,1267,,,FAILED,
TPU ROROTAN,KOTA ADM. JAKARTA UTARA,CILINCING,ROROTAN,"JL. ROROTAN IX, RT.3/RW.9, ROROTAN, KEC. CILINCING, KOTA JKT UTARA, DAERAH KHUSUS IBUKOTA JAKARTA 14140",235398,ISLAM/ KRISTEN/ HINDU/ BUDHA,11048,,,FAILED,
TPU TEGAL ALUR I (KRISTEN),KOTA ADM. JAKARTA BARAT,KALIDERES,TEGAL ALUR,"JL. BENDA RAYA NO.17, RT.8/RW.2, TEGAL ALUR, KEC. KALIDERES, KOTA JAKARTA BARAT, DAERAH KHUSUS IBUKOTA JAKARTA 11810",104810,KRISTEN,29740,,,FAILED,
TPU TEGAL ALUR II (ISLAM),KOTA ADM. JAKARTA BARAT,KALIDERES,TEGAL ALUR,"JL. PEMAKAMAN, RT.3/RW.9, TEGAL ALUR, KEC. KALIDERES, KOTA JAKARTA BARAT, DAERAH KHUSUS IBUKOTA JAKARTA 11820",550235,ISLAM,48303,,,FAILED,
TPU SUKABUMI SELATAN,KOTA ADM. JAKARTA BARAT,KEBON JERUK,SUKABUMI SELATAN,"JL. RAYA SUKABUMI SELATAN, RT.8/RW.6, SUKABUMI SEL., KEC. KB. JERUK, KOTA JAKARTA BARAT, DAERAH KHUSUS IBUKOTA JAKARTA 11560",10960,ISLAM,4630,,,FAILED,
TPU JOGLO,KOTA ADM. JAKARTA BARAT,KEMBANGAN,JOGLO,"JL. PALEM RAYA, RT.8/RW.3, JOGLO, KEC. KEMBANGAN, KOTA JAKARTA BARAT, DAERAH KHUSUS IBUKOTA JAKARTA 11640",75295,ISLAM/ KRISTEN,18234,,,FAILED,
TPU GROGOL KEMANGGISAN,KOTA ADM. JAKARTA BARAT,PAL MERAH,PALMERAH,"JL. KEMANGGISAN PULO NO.51, RT.1/RW.9, PALMERAH, KEC. PALMERAH, KOTA JAKARTA BARAT, DAERAH KHUSUS IBUKOTA JAKARTA 11480",19138,ISLAM,16038,,,FAILED,
TPU RAWA KOPI,KOTA ADM. JAKARTA BARAT,KEBON JERUK,KEDOYA SELATAN,"JL. KEDOYA RAYA NO.25, RT.7/RW.3, KEDOYA SEL., KEC. KB. JERUK, KOTA JAKARTA BARAT, DAERAH KHUSUS IBUKOTA JAKARTA 11520",16645,ISLAM,11335,,,FAILED,
TPU KEPA DURI,KOTA ADM. JAKARTA BARAT,KEBON JERUK,DURI KEPA,"JL. VILLA TOMANG MAS NO.13, RT.3/RW.8, DURI KEPA, KEC. KB. JERUK, KOTA JAKARTA BARAT, DAERAH KHUSUS IBUKOTA JAKARTA 11510",23140,ISLAM,12051,,,FAILED,
TPU BASMOL,KOTA ADM. JAKARTA BARAT,KEMBANGAN,KEMBANGAN UTARA,"KEMBANGAN UTARA, KEC. KEMBANGAN, KOTA JAKARTA BARAT, DAERAH KHUSUS IBUKOTA JAKARTA",10335,ISLAM,8927,,,FAILED,
TPU KAPUK KEBON JAHE,KOTA ADM. JAKARTA BARAT,CENGKARENG,KAPUK,"JL. KAPUK DARURAT NO.95, RT.3/RW.12, KAPUK, KECAMATAN CENGKARENG, KOTA JAKARTA BARAT, DAERAH KHUSUS IBUKOTA JAKARTA 11720",12000,ISLAM,5720,,,FAILED,
TPU UTAN JATI,KOTA ADM. JAKARTA BARAT,KALIDERES,PEGADUNGAN,"TPU UTAN JATI, JL. UTAN JATI, RT.2/RW.11, PEGADUNGAN, KEC. KALIDERES, KOTA JAKARTA BARAT, DAERAH KHUSUS IBUKOTA JAKARTA 11830",15860,ISLAM,9286,,,FAILED,
TPU SEMANAN,KOTA ADM. JAKARTA BARAT,KALIDERES,SEMANAN,"JL. RAYA KRAMAT SEMANAN NO.77, RT.1/RW.10, SEMANAN, KEC. KALIDERES, KOTA JAKARTA BARAT, DAERAH KHUSUS IBUKOTA JAKARTA 11850",8240,ISLAM,5594,,,FAILED,
TPU PEGADUNGAN,KOTA ADM. JAKARTA BARAT,KALIDERES,KALIDERES,"JL. BENDA RAYA NO.74, RT.7/RW.7, PREPEDAN, KEC. KALIDERES, KOTA JAKARTA BARAT, DAERAH KHUSUS IBUKOTA JAKARTA 11820, INDONESIA",659430,ISLAM,0,,,FAILED,
